game_id,date,arena,game_state,away_team,home_team,away_score,home_score,overtime
2023020001,2023-10-10,Amalie Arena,OFF,NSH,TBL,3,5,
2023020002,2023-10-10,PPG Paints Arena,OFF,CHI,PIT,4,2,
2023020003,2023-10-10,T-Mobile Arena,OFF,SEA,VGK,1,4,
2023020004,2023-10-11,PNC Arena,OFF,OTT,CAR,3,5,
2023020005,2023-10-11,Scotiabank Arena,OFF,MTL,TOR,5,6,SO
2023020006,2023-10-11,TD Garden,OFF,CHI,BOS,1,3,
2023020007,2023-10-11,Scotiabank Saddledome,OFF,WPG,CGY,3,5,
2023020008,2023-10-11,Crypto.com Arena,OFF,COL,LAK,5,2,
2023020009,2023-10-11,Rogers Arena,OFF,EDM,VAN,1,8,
2023020010,2023-10-12,KeyBank Center,OFF,NYR,BUF,5,1,
2023020011,2023-10-12,Nationwide Arena,OFF,PHI,CBJ,4,2,
2023020012,2023-10-12,Prudential Center,OFF,DET,NJD,3,4,
2023020013,2023-10-12,American Airlines Center,OFF,STL,DAL,1,2,SO
2023020014,2023-10-12,Xcel Energy Center,OFF,FLA,MIN,0,2,
2023020015,2023-10-12,Bridgestone Arena,OFF,SEA,NSH,0,3,
2023020016,2023-10-12,SAP Center at San Jose,OFF,VGK,SJS,4,1,
2023020017,2023-10-13,Prudential Center,OFF,ARI,NJD,4,3,SO
2023020018,2023-10-13,Capital One Arena,OFF,PIT,WSH,4,0,
2023020019,2023-10-14,Canadian Tire Centre,OFF,PHI,OTT,2,5,
2023020020,2023-10-14,Canada Life Centre,OFF,FLA,WPG,4,6,
2023020021,2023-10-14,TD Garden,OFF,NSH,BOS,2,3,
2023020022,2023-10-14,Nationwide Arena,OFF,NYR,CBJ,3,5,
2023020023,2023-10-14,Little Caesars Arena,OFF,TBL,DET,4,6,
2023020024,2023-10-14,Centre Bell,OFF,CHI,MTL,2,3,
2023020025,2023-10-14,PPG Paints Arena,OFF,CGY,PIT,2,5,
2023020026,2023-10-14,Scotiabank Arena,OFF,MIN,TOR,4,7,
2023020027,2023-10-14,UBS Arena,OFF,BUF,NYI,2,3,
2023020028,2023-10-14,Enterprise Center,OFF,SEA,STL,1,2,SO
2023020029,2023-10-14,Rogers Place,OFF,VAN,EDM,4,3,
2023020030,2023-10-14,SAP Center at San Jose,OFF,COL,SJS,2,1,SO
2023020031,2023-10-14,T-Mobile Arena,OFF,ANA,VGK,1,4,
2023020032,2023-10-14,Crypto.com Arena,OFF,CAR,LAK,6,5,SO
2023020033,2023-10-15,Canadian Tire Centre,OFF,TBL,OTT,2,5,
2023020034,2023-10-15,Honda Center,OFF,CAR,ANA,3,6,
2023020035,2023-10-16,Nationwide Arena,OFF,DET,CBJ,4,0,
2023020036,2023-10-16,Prudential Center,OFF,FLA,NJD,4,3,
2023020037,2023-10-16,Madison Square Garden,OFF,ARI,NYR,1,2,
2023020038,2023-10-16,Scotiabank Arena,OFF,CHI,TOR,4,1,
2023020039,2023-10-16,Capital One Arena,OFF,CGY,WSH,2,3,SO
2023020042,2023-10-17,Wells Fargo Center,OFF,VAN,PHI,0,2,
2023020041,2023-10-17,Centre Bell,OFF,MIN,MTL,5,2,
2023020040,2023-10-17,KeyBank Center,OFF,TBL,BUF,2,3,OT
2023020043,2023-10-17,UBS Arena,OFF,ARI,NYI,0,1,
2023020044,2023-10-17,Bridgestone Arena,OFF,EDM,NSH,6,1,
2023020045,2023-10-17,Canada Life Centre,OFF,LAK,WPG,5,1,
2023020046,2023-10-17,Climate Pledge Arena,OFF,COL,SEA,4,1,
2023020047,2023-10-17,SAP Center at San Jose,OFF,CAR,SJS,6,3,
2023020048,2023-10-17,T-Mobile Arena,OFF,DAL,VGK,2,3,SO
2023020049,2023-10-18,Canadian Tire Centre,OFF,WSH,OTT,1,6,
2023020050,2023-10-18,Little Caesars Arena,OFF,PIT,DET,3,6,
2023020051,2023-10-19,KeyBank Center,OFF,CGY,BUF,4,3,
2023020052,2023-10-19,Amerant Bank Arena,OFF,TOR,FLA,1,3,
2023020053,2023-10-19,Madison Square Garden,OFF,NSH,NYR,4,1,
2023020055,2023-10-19,Amalie Arena,OFF,VAN,TBL,3,4,
2023020054,2023-10-19,Wells Fargo Center,OFF,EDM,PHI,1,4,
2023020056,2023-10-19,Xcel Energy Center,OFF,LAK,MIN,7,3,
2023020057,2023-10-19,Enterprise Center,OFF,ARI,STL,6,2,
2023020058,2023-10-19,Canada Life Centre,OFF,VGK,WPG,5,3,
2023020059,2023-10-19,Honda Center,OFF,DAL,ANA,3,2,
2023020060,2023-10-19,Climate Pledge Arena,OFF,CAR,SEA,4,7,
2023020061,2023-10-19,Ball Arena,OFF,CHI,COL,0,4,
2023020062,2023-10-19,SAP Center at San Jose,OFF,BOS,SJS,3,1,
2023020063,2023-10-20,Nationwide Arena,OFF,CGY,CBJ,1,3,
2023020064,2023-10-20,UBS Arena,OFF,NJD,NYI,5,4,OT
2023020065,2023-10-21,Canadian Tire Centre,OFF,DET,OTT,5,2,
2023020066,2023-10-21,Mullett Arena,OFF,ANA,ARI,1,2,
2023020067,2023-10-21,KeyBank Center,OFF,NYI,BUF,1,3,
2023020068,2023-10-21,Amerant Bank Arena,OFF,VAN,FLA,5,3,
2023020069,2023-10-21,Centre Bell,OFF,WSH,MTL,2,3,OT
2023020070,2023-10-21,Amalie Arena,OFF,TOR,TBL,4,3,OT
2023020071,2023-10-21,United Center,OFF,VGK,CHI,5,3,
2023020072,2023-10-21,American Airlines Center,OFF,PHI,DAL,4,5,OT
2023020073,2023-10-21,Xcel Energy Center,OFF,CBJ,MIN,5,4,OT
2023020074,2023-10-21,Bridgestone Arena,OFF,SJS,NSH,1,5,
2023020075,2023-10-21,Enterprise Center,OFF,PIT,STL,2,4,
2023020076,2023-10-21,Ball Arena,OFF,CAR,COL,4,6,
2023020077,2023-10-21,Rogers Place,OFF,WPG,EDM,3,2,OT
2023020078,2023-10-21,Climate Pledge Arena,OFF,NYR,SEA,4,1,
2023020079,2023-10-21,Crypto.com Arena,OFF,BOS,LAK,4,2,
2023020080,2023-10-22,Little Caesars Arena,OFF,CGY,DET,2,6,
2023020081,2023-10-22,Honda Center,OFF,BOS,ANA,3,1,
2023020082,2023-10-23,KeyBank Center,OFF,MTL,BUF,3,1,
2023020083,2023-10-24,Capital One Arena,OFF,TOR,WSH,4,1,
2023020085,2023-10-24,Canadian Tire Centre,OFF,BUF,OTT,6,4,
2023020086,2023-10-24,Amalie Arena,OFF,CAR,TBL,0,3,
2023020087,2023-10-24,Centre Bell,OFF,NJD,MTL,5,2,
2023020088,2023-10-24,PPG Paints Arena,OFF,DAL,PIT,4,1,
2023020089,2023-10-24,Amerant Bank Arena,OFF,SJS,FLA,1,3,
2023020090,2023-10-24,UBS Arena,OFF,COL,NYI,7,4,
2023020091,2023-10-24,Little Caesars Arena,OFF,SEA,DET,5,4,OT
2023020084,2023-10-24,Nationwide Arena,OFF,ANA,CBJ,3,2,OT
2023020092,2023-10-24,United Center,OFF,BOS,CHI,3,0,
2023020093,2023-10-24,Canada Life Centre,OFF,STL,WPG,2,4,
2023020094,2023-10-24,Xcel Energy Center,OFF,EDM,MIN,4,7,
2023020095,2023-10-24,Bridgestone Arena,OFF,VAN,NSH,3,2,
2023020096,2023-10-24,Scotiabank Saddledome,OFF,NYR,CGY,3,1,
2023020097,2023-10-24,Crypto.com Arena,OFF,ARI,LAK,3,6,
2023020098,2023-10-24,T-Mobile Arena,OFF,PHI,VGK,2,3,
2023020099,2023-10-25,Prudential Center,OFF,WSH,NJD,6,4,
2023020100,2023-10-26,TD Garden,OFF,ANA,BOS,4,3,OT
2023020101,2023-10-26,PNC Arena,OFF,SEA,CAR,2,3,OT
2023020102,2023-10-26,Little Caesars Arena,OFF,WPG,DET,4,1,
2023020103,2023-10-26,Centre Bell,OFF,CBJ,MTL,3,4,OT
2023020105,2023-10-26,PPG Paints Arena,OFF,COL,PIT,0,4,
2023020106,2023-10-26,Amalie Arena,OFF,SJS,TBL,0,6,
2023020104,2023-10-26,Wells Fargo Center,OFF,MIN,PHI,2,6,
2023020107,2023-10-26,UBS Arena,OFF,OTT,NYI,2,3,
2023020108,2023-10-26,American Airlines Center,OFF,TOR,DAL,4,1,
2023020109,2023-10-26,Scotiabank Saddledome,OFF,STL,CGY,3,0,
2023020110,2023-10-26,Rogers Place,OFF,NYR,EDM,3,0,
2023020111,2023-10-27,T-Mobile Arena,OFF,CHI,VGK,4,3,OT
2023020112,2023-10-27,PNC Arena,OFF,SJS,CAR,0,3,
2023020113,2023-10-27,Prudential Center,OFF,BUF,NJD,4,5,
2023020114,2023-10-27,Capital One Arena,OFF,MIN,WSH,2,3,SO
2023020115,2023-10-27,Mullett Arena,OFF,LAK,ARI,5,4,
2023020116,2023-10-27,Rogers Arena,OFF,STL,VAN,0,5,
2023020117,2023-10-28,Wells Fargo Center,OFF,ANA,PHI,7,4,
2023020118,2023-10-28,Amerant Bank Arena,OFF,SEA,FLA,2,3,
2023020119,2023-10-28,TD Garden,OFF,DET,BOS,1,4,
2023020120,2023-10-28,Nationwide Arena,OFF,NYI,CBJ,2,0,
2023020121,2023-10-28,Centre Bell,OFF,WPG,MTL,3,4,SO
2023020122,2023-10-28,Bridgestone Arena,OFF,TOR,NSH,2,3,OT
2023020123,2023-10-28,PPG Paints Arena,OFF,OTT,PIT,5,2,
2023020124,2023-10-28,Rogers Arena,OFF,NYR,VAN,4,3,OT
2023020125,2023-10-28,Crypto.com Arena,OFF,VGK,LAK,4,3,SO
2023020126,2023-10-29,KeyBank Center,OFF,COL,BUF,0,4,
2023020127,2023-10-29,Prudential Center,OFF,MIN,NJD,3,4,
2023020128,2023-10-29,Capital One Arena,OFF,SJS,WSH,1,3,
2023020129,2023-10-29,"Commonwealth Stadium, Edmonton",OFF,CGY,EDM,2,5,
2023020130,2023-10-30,TD Garden,OFF,FLA,BOS,2,3,OT
2023020131,2023-10-30,Wells Fargo Center,OFF,CAR,PHI,3,2,
2023020132,2023-10-30,PPG Paints Arena,OFF,ANA,PIT,4,3,
2023020133,2023-10-30,Amalie Arena,OFF,SEA,TBL,4,3,OT
2023020134,2023-10-30,UBS Arena,OFF,DET,NYI,4,3,OT
2023020135,2023-10-30,Canada Life Centre,OFF,NYR,WPG,3,2,OT
2023020136,2023-10-30,American Airlines Center,OFF,CBJ,DAL,3,5,
2023020137,2023-10-30,Mullett Arena,OFF,CHI,ARI,1,8,
2023020138,2023-10-30,T-Mobile Arena,OFF,MTL,VGK,2,3,SO
2023020139,2023-10-31,Scotiabank Arena,OFF,LAK,TOR,4,1,
2023020140,2023-10-31,Rogers Arena,OFF,NSH,VAN,2,5,
2023020141,2023-11-01,Wells Fargo Center,OFF,BUF,PHI,5,2,
2023020142,2023-11-01,Scotiabank Saddledome,OFF,DAL,CGY,4,3,
2023020143,2023-11-01,Ball Arena,OFF,STL,COL,1,4,
2023020144,2023-11-01,Honda Center,OFF,ARI,ANA,3,4,OT
2023020146,2023-11-02,Nationwide Arena,OFF,TBL,CBJ,2,4,
2023020147,2023-11-02,Little Caesars Arena,OFF,FLA,DET,2,0,
2023020148,2023-11-02,Madison Square Garden,OFF,CAR,NYR,1,2,
2023020149,2023-11-02,Canadian Tire Centre,OFF,LAK,OTT,3,2,
2023020150,2023-11-02,Capital One Arena,OFF,NYI,WSH,3,0,
2023020145,2023-11-02,TD Garden,OFF,TOR,BOS,2,3,SO
2023020151,2023-11-02,Xcel Energy Center,OFF,NJD,MIN,5,3,
2023020152,2023-11-02,Rogers Place,OFF,DAL,EDM,4,3,
2023020153,2023-11-02,Mullett Arena,OFF,MTL,ARI,2,3,
2023020154,2023-11-02,Climate Pledge Arena,OFF,NSH,SEA,2,4,
2023020155,2023-11-02,T-Mobile Arena,OFF,WPG,VGK,2,5,
2023020156,2023-11-02,SAP Center at San Jose,OFF,VAN,SJS,10,1,
2023020157,2023-11-03,KeyBank Center,OFF,PHI,BUF,5,1,
2023020158,2023-11-03,Enterprise Center,OFF,NJD,STL,1,4,
2023020159,2023-11-04,Rogers Place,OFF,NSH,EDM,5,2,
2023020160,2023-11-04,Mullett Arena,OFF,WPG,ARI,5,3,
2023020161,2023-11-04,Little Caesars Arena,OFF,BOS,DET,4,5,
2023020162,2023-11-04,Canadian Tire Centre,OFF,TBL,OTT,6,4,
2023020164,2023-11-04,Enterprise Center,OFF,MTL,STL,3,6,
2023020165,2023-11-04,Scotiabank Arena,OFF,BUF,TOR,6,4,
2023020166,2023-11-04,Capital One Arena,OFF,CBJ,WSH,1,2,
2023020163,2023-11-04,Wells Fargo Center,OFF,LAK,PHI,5,0,
2023020167,2023-11-04,UBS Arena,OFF,CAR,NYI,4,3,OT
2023020168,2023-11-04,United Center,OFF,FLA,CHI,2,5,
2023020169,2023-11-04,Xcel Energy Center,OFF,NYR,MIN,4,5,SO
2023020170,2023-11-04,Climate Pledge Arena,OFF,CGY,SEA,6,3,
2023020171,2023-11-04,SAP Center at San Jose,OFF,PIT,SJS,10,2,
2023020172,2023-11-04,Rogers Arena,OFF,DAL,VAN,0,2,
2023020173,2023-11-04,T-Mobile Arena,OFF,COL,VGK,0,7,
2023020174,2023-11-05,United Center,OFF,NJD,CHI,4,2,
2023020175,2023-11-05,Honda Center,OFF,VGK,ANA,2,4,
2023020176,2023-11-06,Amerant Bank Arena,OFF,CBJ,FLA,4,5,OT
2023020177,2023-11-06,Scotiabank Arena,OFF,TBL,TOR,5,6,OT
2023020178,2023-11-06,American Airlines Center,OFF,BOS,DAL,3,2,
2023020179,2023-11-06,Rogers Arena,OFF,EDM,VAN,2,6,
2023020180,2023-11-07,PNC Arena,OFF,BUF,CAR,2,3,OT
2023020181,2023-11-07,Centre Bell,OFF,TBL,MTL,5,3,
2023020182,2023-11-07,UBS Arena,OFF,MIN,NYI,4,2,
2023020183,2023-11-07,Madison Square Garden,OFF,DET,NYR,3,5,
2023020184,2023-11-07,Enterprise Center,OFF,WPG,STL,5,2,
2023020185,2023-11-07,Mullett Arena,OFF,SEA,ARI,3,4,SO
2023020186,2023-11-07,Scotiabank Saddledome,OFF,NSH,CGY,2,4,
2023020187,2023-11-07,Honda Center,OFF,PIT,ANA,2,0,
2023020188,2023-11-07,Ball Arena,OFF,NJD,COL,3,6,
2023020189,2023-11-07,SAP Center at San Jose,OFF,PHI,SJS,1,2,
2023020190,2023-11-08,Scotiabank Arena,OFF,OTT,TOR,6,3,
2023020191,2023-11-08,Capital One Arena,OFF,FLA,WSH,4,3,OT
2023020192,2023-11-08,T-Mobile Arena,OFF,LAK,VGK,4,1,
2023020193,2023-11-09,TD Garden,OFF,NYI,BOS,2,5,
2023020195,2023-11-09,Little Caesars Arena,OFF,MTL,DET,3,2,OT
2023020196,2023-11-09,Madison Square Garden,OFF,MIN,NYR,1,4,
2023020197,2023-11-09,Canadian Tire Centre,OFF,VAN,OTT,5,2,
2023020198,2023-11-09,Amalie Arena,OFF,CHI,TBL,5,3,
2023020194,2023-11-09,Nationwide Arena,OFF,DAL,CBJ,5,2,
2023020199,2023-11-09,Enterprise Center,OFF,ARI,STL,1,2,
2023020200,2023-11-09,Canada Life Centre,OFF,NSH,WPG,3,6,
2023020201,2023-11-09,Ball Arena,OFF,SEA,COL,4,3,
2023020202,2023-11-09,Crypto.com Arena,OFF,PIT,LAK,4,3,OT
2023020203,2023-11-09,SAP Center at San Jose,OFF,EDM,SJS,2,3,
2023020204,2023-11-10,KeyBank Center,OFF,MIN,BUF,2,3,
2023020205,2023-11-10,Amerant Bank Arena,OFF,CAR,FLA,2,5,
2023020206,2023-11-10,Prudential Center,OFF,WSH,NJD,4,2,
2023020207,2023-11-10,Scotiabank Arena,OFF,CGY,TOR,4,5,SO
2023020208,2023-11-10,Honda Center,OFF,PHI,ANA,6,3,
2023020209,2023-11-10,T-Mobile Arena,OFF,SJS,VGK,0,5,
2023020210,2023-11-11,Little Caesars Arena,OFF,CBJ,DET,4,5,
2023020211,2023-11-11,Canada Life Centre,OFF,DAL,WPG,3,2,
2023020212,2023-11-11,Centre Bell,OFF,BOS,MTL,2,3,OT
2023020213,2023-11-11,Canadian Tire Centre,OFF,CGY,OTT,1,4,
2023020214,2023-11-11,Amalie Arena,OFF,CAR,TBL,4,0,
2023020215,2023-11-11,Scotiabank Arena,OFF,VAN,TOR,2,5,
2023020216,2023-11-11,UBS Arena,OFF,WSH,NYI,4,1,
2023020217,2023-11-11,PPG Paints Arena,OFF,BUF,PIT,0,4,
2023020218,2023-11-11,Bridgestone Arena,OFF,ARI,NSH,7,5,
2023020219,2023-11-11,Ball Arena,OFF,STL,COL,8,2,
2023020220,2023-11-11,Climate Pledge Arena,OFF,EDM,SEA,4,1,
2023020221,2023-11-11,Crypto.com Arena,OFF,PHI,LAK,4,2,
2023020222,2023-11-12,Amerant Bank Arena,OFF,CHI,FLA,3,4,
2023020223,2023-11-12,Xcel Energy Center,OFF,DAL,MIN,8,3,
2023020224,2023-11-12,Centre Bell,OFF,VAN,MTL,5,2,
2023020225,2023-11-12,Madison Square Garden,OFF,CBJ,NYR,3,4,SO
2023020226,2023-11-12,Honda Center,OFF,SJS,ANA,1,4,
2023020227,2023-11-13,Rogers Place,OFF,NYI,EDM,1,4,
2023020228,2023-11-13,Climate Pledge Arena,OFF,COL,SEA,5,1,
2023020229,2023-11-14,KeyBank Center,OFF,BOS,BUF,5,2,
2023020230,2023-11-14,Nationwide Arena,OFF,PIT,CBJ,5,3,
2023020231,2023-11-14,Centre Bell,OFF,CGY,MTL,2,1,
2023020232,2023-11-14,Capital One Arena,OFF,VGK,WSH,0,3,
2023020233,2023-11-14,American Airlines Center,OFF,ARI,DAL,3,4,OT
2023020234,2023-11-14,Bridgestone Arena,OFF,ANA,NSH,3,2,
2023020235,2023-11-14,Enterprise Center,OFF,TBL,STL,0,5,
2023020236,2023-11-14,Canada Life Centre,OFF,NJD,WPG,3,6,
2023020237,2023-11-14,SAP Center at San Jose,OFF,FLA,SJS,5,3,
2023020238,2023-11-15,PNC Arena,OFF,PHI,CAR,3,1,
2023020239,2023-11-15,Rogers Place,OFF,SEA,EDM,3,4,OT
2023020240,2023-11-15,Ball Arena,OFF,ANA,COL,2,8,
2023020241,2023-11-15,Rogers Arena,OFF,NYI,VAN,3,4,OT
2023020242,2023-11-16,Avicii Arena,OFF,DET,OTT,4,5,OT
2023020243,2023-11-16,Nationwide Arena,OFF,ARI,CBJ,3,2,
2023020244,2023-11-16,Centre Bell,OFF,VGK,MTL,6,5,
2023020245,2023-11-16,PPG Paints Arena,OFF,NJD,PIT,5,2,
2023020246,2023-11-16,United Center,OFF,TBL,CHI,4,2,
2023020247,2023-11-16,Scotiabank Saddledome,OFF,VAN,CGY,2,5,
2023020248,2023-11-16,Climate Pledge Arena,OFF,NYI,SEA,3,4,SO
2023020249,2023-11-16,Crypto.com Arena,OFF,FLA,LAK,1,2,
2023020250,2023-11-16,SAP Center at San Jose,OFF,STL,SJS,1,5,
2023020251,2023-11-17,Avicii Arena,OFF,TOR,DET,3,2,
2023020252,2023-11-17,Canada Life Centre,OFF,BUF,WPG,2,3,
2023020253,2023-11-17,Honda Center,OFF,FLA,ANA,2,1,
2023020254,2023-11-18,Avicii Arena,OFF,MIN,OTT,1,2,SO
2023020255,2023-11-18,Wells Fargo Center,OFF,VGK,PHI,3,4,OT
2023020256,2023-11-18,Bridgestone Arena,OFF,CHI,NSH,2,4,
2023020257,2023-11-18,Amalie Arena,OFF,EDM,TBL,4,6,
2023020258,2023-11-18,TD Garden,OFF,MTL,BOS,2,5,
2023020259,2023-11-18,PNC Arena,OFF,PIT,CAR,2,4,
2023020260,2023-11-18,Scotiabank Saddledome,OFF,NYI,CGY,5,4,SO
2023020261,2023-11-18,Prudential Center,OFF,NYR,NJD,5,3,
2023020262,2023-11-18,Canada Life Centre,OFF,ARI,WPG,2,5,
2023020263,2023-11-18,Capital One Arena,OFF,CBJ,WSH,3,4,
2023020264,2023-11-18,American Airlines Center,OFF,COL,DAL,6,3,
2023020265,2023-11-18,Rogers Arena,OFF,SEA,VAN,4,3,
2023020266,2023-11-18,Crypto.com Arena,OFF,STL,LAK,1,5,
2023020267,2023-11-19,Avicii Arena,OFF,TOR,MIN,4,3,OT
2023020268,2023-11-19,Wells Fargo Center,OFF,CBJ,PHI,2,5,
2023020269,2023-11-19,PPG Paints Arena,OFF,VGK,PIT,0,3,
2023020270,2023-11-19,United Center,OFF,BUF,CHI,3,2,
2023020271,2023-11-19,Honda Center,OFF,STL,ANA,3,1,
2023020272,2023-11-20,Amerant Bank Arena,OFF,EDM,FLA,3,5,
2023020273,2023-11-20,Amalie Arena,OFF,BOS,TBL,4,5,OT
2023020274,2023-11-20,American Airlines Center,OFF,NYR,DAL,3,6,
2023020275,2023-11-20,Bridgestone Arena,OFF,COL,NSH,3,4,
2023020276,2023-11-20,Mullett Arena,OFF,LAK,ARI,4,1,
2023020277,2023-11-20,Climate Pledge Arena,OFF,CGY,SEA,4,3,OT
2023020278,2023-11-20,Rogers Arena,OFF,SJS,VAN,1,3,
2023020279,2023-11-22,PNC Arena,OFF,EDM,CAR,3,6,
2023020280,2023-11-22,Nationwide Arena,OFF,CHI,CBJ,3,7,
2023020281,2023-11-22,Little Caesars Arena,OFF,NJD,DET,0,4,
2023020282,2023-11-22,Amerant Bank Arena,OFF,BOS,FLA,3,1,
2023020283,2023-11-22,PPG Paints Arena,OFF,NYR,PIT,1,0,
2023020284,2023-11-22,Amalie Arena,OFF,WPG,TBL,3,2,OT
2023020285,2023-11-22,Capital One Arena,OFF,BUF,WSH,3,4,OT
2023020286,2023-11-22,UBS Arena,OFF,PHI,NYI,2,3,
2023020287,2023-11-22,Mullett Arena,OFF,STL,ARI,6,5,
2023020288,2023-11-22,Bridgestone Arena,OFF,CGY,NSH,2,4,
2023020289,2023-11-22,American Airlines Center,OFF,VGK,DAL,2,1,OT
2023020290,2023-11-22,Honda Center,OFF,MTL,ANA,4,3,
2023020291,2023-11-22,Ball Arena,OFF,VAN,COL,2,5,
2023020292,2023-11-22,Climate Pledge Arena,OFF,SJS,SEA,1,7,
2023020293,2023-11-24,TD Garden,OFF,DET,BOS,5,2,
2023020294,2023-11-24,Wells Fargo Center,OFF,NYR,PHI,3,1,
2023020295,2023-11-24,United Center,OFF,TOR,CHI,3,4,OT
2023020296,2023-11-24,Prudential Center,OFF,CBJ,NJD,2,1,
2023020297,2023-11-24,Enterprise Center,OFF,NSH,STL,8,3,
2023020298,2023-11-24,Capital One Arena,OFF,EDM,WSH,5,0,
2023020299,2023-11-24,Honda Center,OFF,LAK,ANA,5,2,
2023020300,2023-11-24,SAP Center at San Jose,OFF,MTL,SJS,3,2,SO
2023020301,2023-11-24,KeyBank Center,OFF,PIT,BUF,2,3,
2023020302,2023-11-24,Canadian Tire Centre,LIVE,NYI,OTT,5,3,
2023020303,2023-11-24,PNC Arena,OFF,TBL,CAR,8,2,
2023020305,2023-11-24,American Airlines Center,OFF,CGY,DAL,7,4,
2023020306,2023-11-24,Xcel Energy Center,OFF,COL,MIN,3,2,
2023020307,2023-11-24,Climate Pledge Arena,OFF,VAN,SEA,5,1,
2023020308,2023-11-25,Madison Square Garden,OFF,BOS,NYR,4,7,
2023020309,2023-11-25,Crypto.com Arena,OFF,MTL,LAK,0,4,
2023020310,2023-11-25,Prudential Center,OFF,BUF,NJD,2,7,
2023020311,2023-11-25,PPG Paints Arena,OFF,TOR,PIT,2,3,
2023020313,2023-11-25,Ball Arena,OFF,CGY,COL,1,3,
2023020314,2023-11-25,SAP Center at San Jose,OFF,VAN,SJS,3,4,
2023020315,2023-11-25,T-Mobile Arena,OFF,ARI,VGK,2,0,
2023020316,2023-11-26,Little Caesars Arena,OFF,MIN,DET,1,4,
2023020317,2023-11-26,United Center,OFF,STL,CHI,4,2,
2023020318,2023-11-26,PNC Arena,OFF,CBJ,CAR,2,3,
2023020319,2023-11-26,Bridgestone Arena,OFF,WPG,NSH,2,3,
2023020320,2023-11-26,Rogers Place,OFF,ANA,EDM,2,8,
2023020321,2023-11-27,Nationwide Arena,OFF,BOS,CBJ,2,5,
2023020322,2023-11-27,Madison Square Garden,OFF,BUF,NYR,5,1,
2023020323,2023-11-27,Canadian Tire Centre,OFF,FLA,OTT,5,0,
2023020324,2023-11-27,Ball Arena,OFF,TBL,COL,1,4,
2023020325,2023-11-27,Scotiabank Saddledome,OFF,VGK,CGY,1,2,OT
2023020326,2023-11-27,SAP Center at San Jose,OFF,WSH,SJS,1,2,
2023020327,2023-11-28,Prudential Center,OFF,NYI,NJD,4,5,
2023020329,2023-11-28,Scotiabank Arena,OFF,FLA,TOR,1,2,SO
2023020328,2023-11-28,Wells Fargo Center,OFF,CAR,PHI,4,1,
2023020330,2023-11-28,Xcel Energy Center,OFF,STL,MIN,1,3,
2023020331,2023-11-28,Bridgestone Arena,OFF,PIT,NSH,2,3,OT
2023020332,2023-11-28,Canada Life Centre,OFF,DAL,WPG,2,0,
2023020333,2023-11-28,United Center,OFF,SEA,CHI,3,4,
2023020334,2023-11-28,Mullett Arena,OFF,TBL,ARI,1,3,
2023020335,2023-11-28,Rogers Place,OFF,VGK,EDM,4,5,SO
2023020336,2023-11-28,Rogers Arena,OFF,ANA,VAN,1,3,
2023020337,2023-11-29,Nationwide Arena,OFF,MTL,CBJ,4,2,
2023020338,2023-11-29,Madison Square Garden,OFF,DET,NYR,2,3,
2023020339,2023-11-29,Crypto.com Arena,OFF,WSH,LAK,2,1,
2023020340,2023-11-30,TD Garden,OFF,SJS,BOS,0,3,
2023020342,2023-11-30,Little Caesars Arena,OFF,CHI,DET,1,5,
2023020343,2023-11-30,Centre Bell,OFF,FLA,MTL,5,1,
2023020344,2023-11-30,Wells Fargo Center,OFF,NJD,PHI,4,3,OT
2023020345,2023-11-30,Amalie Arena,OFF,PIT,TBL,4,2,
2023020346,2023-11-30,Scotiabank Arena,OFF,SEA,TOR,3,4,SO
2023020341,2023-11-30,PNC Arena,OFF,NYI,CAR,5,4,OT
2023020347,2023-11-30,Bridgestone Arena,OFF,MIN,NSH,6,1,
2023020348,2023-11-30,Enterprise Center,OFF,BUF,STL,4,6,
2023020349,2023-11-30,Canada Life Centre,OFF,EDM,WPG,3,1,
2023020350,2023-11-30,Mullett Arena,OFF,COL,ARI,3,4,OT
2023020351,2023-11-30,Scotiabank Saddledome,OFF,DAL,CGY,3,4,OT
2023020352,2023-11-30,Honda Center,OFF,WSH,ANA,5,4,
2023020353,2023-11-30,Rogers Arena,OFF,VGK,VAN,4,1,
2023020354,2023-12-01,Nationwide Arena,OFF,OTT,CBJ,2,4,
2023020355,2023-12-01,Prudential Center,OFF,SJS,NJD,6,3,
2023020356,2023-12-02,American Airlines Center,OFF,TBL,DAL,1,8,
2023020357,2023-12-02,Canada Life Centre,OFF,CHI,WPG,1,3,
2023020358,2023-12-02,Bridgestone Arena,OFF,NYR,NSH,4,3,
2023020359,2023-12-02,Amerant Bank Arena,OFF,NYI,FLA,4,3,
2023020360,2023-12-02,PNC Arena,OFF,BUF,CAR,2,6,
2023020361,2023-12-02,Centre Bell,OFF,DET,MTL,5,4,OT
2023020362,2023-12-02,Canadian Tire Centre,OFF,SEA,OTT,0,2,
2023020363,2023-12-02,PPG Paints Arena,OFF,PHI,PIT,4,3,SO
2023020364,2023-12-02,Scotiabank Arena,OFF,BOS,TOR,4,3,OT
2023020365,2023-12-02,Mullett Arena,OFF,STL,ARI,1,4,
2023020366,2023-12-02,Honda Center,OFF,COL,ANA,3,4,SO
2023020367,2023-12-02,Scotiabank Saddledome,OFF,VAN,CGY,4,3,
2023020368,2023-12-02,T-Mobile Arena,OFF,WSH,VGK,1,4,
2023020369,2023-12-03,Xcel Energy Center,OFF,CHI,MIN,1,4,
2023020370,2023-12-03,Madison Square Garden,OFF,SJS,NYR,5,6,
2023020371,2023-12-03,TD Garden,OFF,CBJ,BOS,1,3,
2023020372,2023-12-03,KeyBank Center,OFF,NSH,BUF,2,1,
2023020373,2023-12-03,Crypto.com Arena,OFF,COL,LAK,1,4,
2023020374,2023-12-04,Wells Fargo Center,OFF,PIT,PHI,1,2,OT
2023020375,2023-12-04,Amalie Arena,OFF,DAL,TBL,0,4,
2023020376,2023-12-04,Centre Bell,OFF,SEA,MTL,2,4,
2023020377,2023-12-04,Canada Life Centre,OFF,CAR,WPG,1,2,
2023020378,2023-12-04,Mullett Arena,OFF,WSH,ARI,0,6,
2023020379,2023-12-04,T-Mobile Arena,OFF,STL,VGK,2,1,OT
2023020381,2023-12-05,Nationwide Arena,OFF,LAK,CBJ,4,3,OT
2023020382,2023-12-05,Canadian Tire Centre,OFF,NYR,OTT,2,6,
2023020380,2023-12-05,KeyBank Center,OFF,DET,BUF,5,3,
2023020383,2023-12-05,UBS Arena,OFF,SJS,NYI,5,4,OT
2023020384,2023-12-05,United Center,OFF,NSH,CHI,4,3,SO
2023020385,2023-12-05,Scotiabank Saddledome,OFF,MIN,CGY,5,2,
2023020386,2023-12-05,Ball Arena,OFF,ANA,COL,2,3,
2023020387,2023-12-05,Rogers Arena,OFF,NJD,VAN,6,5,
2023020388,2023-12-06,Amerant Bank Arena,OFF,DAL,FLA,4,5,
2023020389,2023-12-06,Amalie Arena,OFF,PIT,TBL,1,3,
2023020390,2023-12-06,Enterprise Center,OFF,VGK,STL,6,3,
2023020391,2023-12-06,Rogers Place,OFF,CAR,EDM,1,6,
2023020392,2023-12-07,TD Garden,OFF,BUF,BOS,3,1,
2023020393,2023-12-07,Little Caesars Arena,OFF,SJS,DET,6,5,OT
2023020394,2023-12-07,Centre Bell,OFF,LAK,MTL,4,0,
2023020395,2023-12-07,Canadian Tire Centre,OFF,TOR,OTT,4,3,
2023020397,2023-12-07,UBS Arena,OFF,CBJ,NYI,3,7,
2023020396,2023-12-07,Capital One Arena,OFF,DAL,WSH,5,4,SO
2023020398,2023-12-07,Bridgestone Arena,OFF,TBL,NSH,1,5,
2023020399,2023-12-07,United Center,OFF,ANA,CHI,0,1,
2023020400,2023-12-07,Mullett Arena,OFF,PHI,ARI,4,1,
2023020401,2023-12-07,Scotiabank Saddledome,OFF,CAR,CGY,2,3,
2023020402,2023-12-07,Ball Arena,CRIT,WPG,COL,4,2,
2023020403,2023-12-07,Climate Pledge Arena,OFF,NJD,SEA,2,1,
2023020405,2023-12-08,Nationwide Arena,OFF,STL,CBJ,2,5,
2023020406,2023-12-08,Amerant Bank Arena,OFF,PIT,FLA,1,3,
2023020407,2023-12-08,Rogers Place,OFF,MIN,EDM,3,4,
2023020408,2023-12-09,TD Garden,OFF,ARI,BOS,3,5,
2023020409,2023-12-09,Scotiabank Saddledome,OFF,NJD,CGY,4,2,
2023020410,2023-12-09,American Airlines Center,OFF,VGK,DAL,6,1,
2023020411,2023-12-09,KeyBank Center,OFF,MTL,BUF,3,2,SO
2023020413,2023-12-09,Scotiabank Arena,OFF,NSH,TOR,0,4,
2023020414,2023-12-09,Capital One Arena,OFF,NYR,WSH,0,4,
2023020415,2023-12-09,UBS Arena,OFF,LAK,NYI,2,3,OT
2023020416,2023-12-09,United Center,OFF,STL,CHI,1,3,
2023020417,2023-12-09,Ball Arena,OFF,PHI,COL,5,2,
2023020418,2023-12-09,Climate Pledge Arena,OFF,TBL,SEA,4,3,OT
2023020419,2023-12-09,Rogers Arena,OFF,CAR,VAN,3,4,
2023020420,2023-12-10,Nationwide Arena,OFF,FLA,CBJ,5,2,
2023020421,2023-12-10,Rogers Place,OFF,NJD,EDM,1,4,
2023020422,2023-12-10,United Center,OFF,WSH,CHI,4,2,
2023020423,2023-12-10,Centre Bell,OFF,NSH,MTL,2,1,
2023020424,2023-12-10,Madison Square Garden,OFF,LAK,NYR,1,4,
2023020425,2023-12-10,Honda Center,OFF,WPG,ANA,4,2,
2023020426,2023-12-10,Climate Pledge Arena,OFF,MIN,SEA,3,0,
2023020427,2023-12-10,T-Mobile Arena,OFF,SJS,VGK,4,5,SO
2023020428,2023-12-11,KeyBank Center,OFF,ARI,BUF,2,5,
2023020429,2023-12-11,UBS Arena,OFF,TOR,NYI,3,4,OT
2023020430,2023-12-11,American Airlines Center,OFF,DET,DAL,3,6,
2023020431,2023-12-11,Ball Arena,OFF,CGY,COL,5,6,
2023020432,2023-12-12,Madison Square Garden,OFF,TOR,NYR,7,3,
2023020433,2023-12-12,Canadian Tire Centre,OFF,CAR,OTT,4,1,
2023020434,2023-12-12,PPG Paints Arena,OFF,ARI,PIT,2,4,
2023020436,2023-12-12,Enterprise Center,OFF,DET,STL,6,4,
2023020435,2023-12-12,Bridgestone Arena,OFF,PHI,NSH,2,3,OT
2023020437,2023-12-12,Rogers Place,OFF,CHI,EDM,1,4,
2023020438,2023-12-12,Climate Pledge Arena,OFF,FLA,SEA,0,4,
2023020439,2023-12-12,Rogers Arena,OFF,TBL,VAN,1,4,
2023020440,2023-12-12,T-Mobile Arena,OFF,CGY,VGK,4,5,OT
2023020441,2023-12-12,SAP Center at San Jose,OFF,WPG,SJS,1,2,
2023020442,2023-12-13,Centre Bell,OFF,PIT,MTL,4,3,SO
2023020443,2023-12-13,Prudential Center,OFF,BOS,NJD,1,2,OT
2023020444,2023-12-13,UBS Arena,OFF,ANA,NYI,3,4,
2023020445,2023-12-13,Ball Arena,OFF,BUF,COL,1,5,
2023020446,2023-12-13,Crypto.com Arena,OFF,WPG,LAK,5,2,
2023020448,2023-12-14,Wells Fargo Center,OFF,WSH,PHI,3,4,SO
2023020449,2023-12-14,Scotiabank Arena,OFF,CBJ,TOR,6,5,OT
2023020447,2023-12-14,Little Caesars Arena,OFF,CAR,DET,2,1,
2023020450,2023-12-14,Xcel Energy Center,OFF,CGY,MIN,2,3,SO
2023020451,2023-12-14,Enterprise Center,OFF,OTT,STL,2,4,
2023020452,2023-12-14,Rogers Place,OFF,TBL,EDM,7,4,
2023020453,2023-12-14,Climate Pledge Arena,OFF,CHI,SEA,1,7,
2023020454,2023-12-14,Rogers Arena,OFF,FLA,VAN,0,4,
2023020456,2023-12-15,Madison Square Garden,OFF,ANA,NYR,1,5,
2023020455,2023-12-15,PNC Arena,OFF,NSH,CAR,6,5,OT
2023020457,2023-12-15,UBS Arena,OFF,BOS,NYI,5,4,SO
2023020458,2023-12-15,American Airlines Center,OFF,OTT,DAL,4,5,
2023020459,2023-12-15,Mullett Arena,OFF,SJS,ARI,0,1,
2023020460,2023-12-15,T-Mobile Arena,OFF,BUF,VGK,5,2,
2023020461,2023-12-16,Xcel Energy Center,OFF,VAN,MIN,1,2,SO
2023020462,2023-12-16,TD Garden,OFF,NYR,BOS,2,1,OT
2023020463,2023-12-16,Nationwide Arena,OFF,NJD,CBJ,6,3,
2023020464,2023-12-16,Centre Bell,OFF,NYI,MTL,3,5,
2023020465,2023-12-16,Wells Fargo Center,OFF,DET,PHI,0,1,
2023020466,2023-12-16,Scotiabank Arena,OFF,PIT,TOR,0,7,
2023020467,2023-12-16,Canada Life Centre,OFF,COL,WPG,2,6,
2023020468,2023-12-16,Bridgestone Arena,OFF,WSH,NSH,1,3,
2023020469,2023-12-16,Enterprise Center,OFF,DAL,STL,3,4,OT
2023020470,2023-12-16,Mullett Arena,OFF,BUF,ARI,0,2,
2023020471,2023-12-16,Scotiabank Saddledome,OFF,TBL,CGY,2,4,
2023020472,2023-12-16,Rogers Place,OFF,FLA,EDM,5,1,
2023020473,2023-12-16,Climate Pledge Arena,OFF,LAK,SEA,3,2,SO
2023020474,2023-12-17,United Center,OFF,VAN,CHI,4,3,
2023020475,2023-12-17,PNC Arena,OFF,WSH,CAR,2,1,SO
2023020476,2023-12-17,Prudential Center,OFF,ANA,NJD,5,1,
2023020477,2023-12-17,Ball Arena,OFF,SJS,COL,2,6,
2023020478,2023-12-17,T-Mobile Arena,OFF,OTT,VGK,3,6,
2023020479,2023-12-18,Little Caesars Arena,OFF,ANA,DET,4,3,
2023020480,2023-12-18,PPG Paints Arena,OFF,MIN,PIT,3,4,
2023020481,2023-12-18,Canada Life Centre,OFF,MTL,WPG,3,2,OT
2023020482,2023-12-18,American Airlines Center,OFF,SEA,DAL,3,4,OT
2023020483,2023-12-18,Scotiabank Saddledome,OFF,FLA,CGY,1,3,
2023020484,2023-12-19,TD Garden,OFF,MIN,BOS,4,3,OT
2023020485,2023-12-19,KeyBank Center,OFF,CBJ,BUF,9,4,
2023020486,2023-12-19,PNC Arena,OFF,VGK,CAR,3,6,
2023020487,2023-12-19,Prudential Center,OFF,PHI,NJD,3,2,OT
2023020488,2023-12-19,Amalie Arena,OFF,STL,TBL,1,6,
2023020489,2023-12-19,Scotiabank Arena,OFF,NYR,TOR,5,2,
2023020490,2023-12-19,UBS Arena,OFF,EDM,NYI,1,3,
2023020491,2023-12-19,Bridgestone Arena,OFF,VAN,NSH,5,2,
2023020492,2023-12-19,United Center,OFF,COL,CHI,2,3,
2023020493,2023-12-19,Mullett Arena,OFF,OTT,ARI,3,4,
2023020494,2023-12-19,SAP Center at San Jose,OFF,LAK,SJS,4,1,
2023020495,2023-12-20,Canada Life Centre,OFF,DET,WPG,2,5,
2023020496,2023-12-20,Capital One Arena,OFF,NYI,WSH,2,3,OT
2023020497,2023-12-20,Crypto.com Arena,OFF,SEA,LAK,2,1,
2023020498,2023-12-21,KeyBank Center,OFF,TOR,BUF,3,9,
2023020499,2023-12-21,Nationwide Arena,OFF,WSH,CBJ,3,2,OT
2023020500,2023-12-21,Amerant Bank Arena,OFF,STL,FLA,4,1,
2023020502,2023-12-21,Wells Fargo Center,OVER,NSH,PHI,4,2,
2023020503,2023-12-21,PPG Paints Arena,OFF,CAR,PIT,1,2,SO
2023020501,2023-12-21,Prudential Center,OFF,EDM,NJD,6,3,
2023020505,2023-12-21,American Airlines Center,OFF,VAN,DAL,3,4,OT
2023020506,2023-12-21,Xcel Energy Center,OFF,MTL,MIN,3,4,OT
2023020507,2023-12-21,Ball Arena,OFF,OTT,COL,4,6,
2023020508,2023-12-21,Honda Center,OFF,CGY,ANA,3,0,
2023020509,2023-12-21,SAP Center at San Jose,OFF,ARI,SJS,5,2,
2023020510,2023-12-22,Little Caesars Arena,OFF,PHI,DET,6,7,SO
2023020511,2023-12-22,Madison Square Garden,OFF,EDM,NYR,4,3,
2023020513,2023-12-22,United Center,OFF,MTL,CHI,5,2,
2023020515,2023-12-23,Bridgestone Arena,OFF,DAL,NSH,3,2,
2023020514,2023-12-23,Amerant Bank Arena,OFF,VGK,FLA,2,4,
2023020517,2023-12-23,Nationwide Arena,OFF,TOR,CBJ,4,1,
2023020518,2023-12-23,Xcel Energy Center,OFF,BOS,MIN,2,3,
2023020519,2023-12-23,Prudential Center,OFF,DET,NJD,2,3,
2023020520,2023-12-23,Canadian Tire Centre,OFF,PIT,OTT,4,5,OT
2023020521,2023-12-23,Capital One Arena,OFF,TBL,WSH,2,1,SO
2023020516,2023-12-23,PNC Arena,OFF,NYI,CAR,5,4,
2023020522,2023-12-23,Madison Square Garden,OFF,BUF,NYR,3,4,OT
2023020523,2023-12-23,Honda Center,OFF,SEA,ANA,3,2,
2023020524,2023-12-23,Enterprise Center,OFF,CHI,STL,5,7,
2023020525,2023-12-23,Ball Arena,OFF,ARI,COL,1,4,
2023020526,2023-12-23,Crypto.com Arena,OFF,CGY,LAK,3,5,
2023020527,2023-12-23,Rogers Arena,OFF,SJS,VAN,4,7,
2023020528,2023-12-27,Prudential Center,OFF,CBJ,NJD,3,4,OT
2023020529,2023-12-27,Madison Square Garden,OFF,WSH,NYR,1,5,
2023020530,2023-12-27,Amalie Arena,OFF,FLA,TBL,3,2,
2023020531,2023-12-27,Scotiabank Arena,OFF,OTT,TOR,4,2,
2023020532,2023-12-27,KeyBank Center,OFF,BOS,BUF,4,1,
2023020533,2023-12-27,UBS Arena,OFF,PIT,NYI,7,0,
2023020534,2023-12-27,Xcel Energy Center,OFF,DET,MIN,3,6,
2023020535,2023-12-27,Bridgestone Arena,OFF,CAR,NSH,5,2,
2023020536,2023-12-27,Enterprise Center,OFF,DAL,STL,1,2,
2023020537,2023-12-27,Mullett Arena,OFF,COL,ARI,4,5,OT
2023020538,2023-12-27,United Center,OFF,WPG,CHI,1,2,OT
2023020539,2023-12-27,Scotiabank Saddledome,OFF,SEA,CGY,2,1,
2023020540,2023-12-27,Honda Center,OFF,VGK,ANA,2,5,
2023020541,2023-12-27,Crypto.com Arena,OFF,SJS,LAK,1,5,
2023020542,2023-12-28,PNC Arena,OFF,MTL,CAR,3,5,
2023020543,2023-12-28,Rogers Arena,OFF,PHI,VAN,4,1,
2023020544,2023-12-28,T-Mobile Arena,OFF,LAK,VGK,2,3,
2023020545,2023-12-28,SAP Center at San Jose,OFF,EDM,SJS,5,0,
2023020546,2023-12-29,Nationwide Arena,OFF,TOR,CBJ,5,6,OT
2023020547,2023-12-29,Little Caesars Arena,OFF,NSH,DET,4,5,OT
2023020548,2023-12-29,Amerant Bank Arena,OFF,NYR,FLA,3,4,
2023020549,2023-12-29,Canadian Tire Centre,OFF,NJD,OTT,6,2,
2023020550,2023-12-29,UBS Arena,OFF,WSH,NYI,1,5,
2023020551,2023-12-29,American Airlines Center,OFF,CHI,DAL,4,5,OT
2023020552,2023-12-29,Enterprise Center,OFF,COL,STL,2,1,
2023020553,2023-12-29,Honda Center,OFF,ARI,ANA,2,0,
2023020554,2023-12-29,Climate Pledge Arena,OFF,PHI,SEA,1,2,OT
2023020555,2023-12-30,Canada Life Centre,OFF,MIN,WPG,2,4,
2023020556,2023-12-30,KeyBank Center,OFF,CBJ,BUF,2,3,OT
2023020557,2023-12-30,TD Garden,OFF,NJD,BOS,2,5,
2023020558,2023-12-30,Amerant Bank Arena,OFF,MTL,FLA,1,4,
2023020559,2023-12-30,PPG Paints Arena,OFF,STL,PIT,2,4,
2023020560,2023-12-30,Amalie Arena,OFF,NYR,TBL,5,1,
2023020561,2023-12-30,Scotiabank Arena,OFF,CAR,TOR,3,2,
2023020562,2023-12-30,Capital One Arena,OFF,NSH,WSH,3,2,SO
2023020563,2023-12-30,Crypto.com Arena,OFF,EDM,LAK,3,2,SO
2023020564,2023-12-31,Xcel Energy Center,OFF,WPG,MIN,3,2,
2023020565,2023-12-31,Little Caesars Arena,OFF,BOS,DET,5,3,
2023020566,2023-12-31,Canadian Tire Centre,OFF,BUF,OTT,1,5,
2023020567,2023-12-31,PPG Paints Arena,OFF,NYI,PIT,1,3,
2023020568,2023-12-31,Amalie Arena,OFF,MTL,TBL,3,4,
2023020569,2023-12-31,Honda Center,OFF,EDM,ANA,7,2,
2023020570,2023-12-31,Scotiabank Saddledome,OFF,PHI,CGY,3,4,
2023020571,2023-12-31,Ball Arena,OFF,SJS,COL,1,3,
2023020572,2023-12-31,American Airlines Center,OFF,CHI,DAL,1,8,
2023020573,2024-01-01,T-Mobile Park,OFF,VGK,SEA,0,3,
2023020574,2024-01-02,Nationwide Arena,OFF,BOS,CBJ,4,1,
2023020575,2024-01-02,Madison Square Garden,OFF,CAR,NYR,6,1,
2023020576,2024-01-02,PPG Paints Arena,OFF,WSH,PIT,4,3,
2023020577,2024-01-02,American Airlines Center,OFF,MTL,DAL,4,3,
2023020578,2024-01-02,Xcel Energy Center,OFF,CGY,MIN,3,1,
2023020579,2024-01-02,Bridgestone Arena,OFF,CHI,NSH,0,3,
2023020580,2024-01-02,Canada Life Centre,OFF,TBL,WPG,2,4,
2023020581,2024-01-02,Mullett Arena,OFF,FLA,ARI,4,1,
2023020582,2024-01-02,Ball Arena,OFF,NYI,COL,4,5,OT
2023020583,2024-01-02,Rogers Place,OFF,PHI,EDM,2,5,
2023020584,2024-01-02,Rogers Arena,OFF,OTT,VAN,3,6,
2023020585,2024-01-02,Crypto.com Arena,OFF,TOR,LAK,3,0,
2023020586,2024-01-02,SAP Center at San Jose,OFF,DET,SJS,5,3,
2023020587,2024-01-03,Capital One Arena,OFF,NJD,WSH,6,3,
2023020588,2024-01-03,Honda Center,OFF,TOR,ANA,2,1,OT
2023020589,2024-01-04,TD Garden,OFF,PIT,BOS,6,5,
2023020590,2024-01-04,Centre Bell,OFF,BUF,MTL,6,1,
2023020591,2024-01-04,Madison Square Garden,OFF,CHI,NYR,1,4,
2023020592,2024-01-04,Wells Fargo Center,OFF,CBJ,PHI,3,2,SO
2023020593,2024-01-04,American Airlines Center,OFF,COL,DAL,5,4,OT
2023020594,2024-01-04,Xcel Energy Center,OFF,TBL,MIN,4,1,
2023020595,2024-01-04,Bridgestone Arena,OFF,CGY,NSH,6,3,
2023020596,2024-01-04,Enterprise Center,OFF,VAN,STL,1,2,
2023020597,2024-01-04,Mullett Arena,OFF,NYI,ARI,5,1,
2023020598,2024-01-04,Climate Pledge Arena,OFF,OTT,SEA,1,4,
2023020599,2024-01-04,T-Mobile Arena,OFF,FLA,VGK,4,1,
2023020600,2024-01-04,Crypto.com Arena,OFF,DET,LAK,4,3,SO
2023020601,2024-01-04,SAP Center at San Jose,OFF,WPG,SJS,2,1,
2023020602,2024-01-05,Prudential Center,FINAL,CHI,NJD,2,4,
2023020603,2024-01-05,Capital One Arena,OFF,CAR,WSH,6,2,
2023020605,2024-01-06,Wells Fargo Center,OFF,CGY,PHI,2,3,
2023020606,2024-01-06,Ball Arena,OFF,FLA,COL,8,4,
2023020607,2024-01-06,TD Garden,OFF,TBL,BOS,3,7,
2023020609,2024-01-06,Nationwide Arena,OFF,MIN,CBJ,4,3,OT
2023020610,2024-01-06,Centre Bell,OFF,NYR,MTL,3,4,SO
2023020611,2024-01-06,Prudential Center,OFF,VAN,NJD,6,4,
2023020613,2024-01-06,SAP Center at San Jose,OFF,TOR,SJS,4,1,
2023020608,2024-01-06,PNC Arena,OFF,STL,CAR,2,1,SO
2023020614,2024-01-06,American Airlines Center,OFF,NSH,DAL,4,3,
2023020615,2024-01-06,Rogers Place,OFF,OTT,EDM,1,3,
2023020616,2024-01-06,T-Mobile Arena,OFF,NYI,VGK,2,5,
2023020617,2024-01-07,United Center,OFF,CGY,CHI,3,4,
2023020618,2024-01-07,Capital One Arena,OFF,LAK,WSH,3,4,
2023020619,2024-01-07,Mullett Arena,OFF,WPG,ARI,6,2,
2023020620,2024-01-07,Honda Center,OFF,DET,ANA,3,2,
2023020621,2024-01-08,Madison Square Garden,OFF,VAN,NYR,6,3,
2023020622,2024-01-08,Wells Fargo Center,OFF,PIT,PHI,4,1,
2023020623,2024-01-08,Xcel Energy Center,OFF,DAL,MIN,4,0,
2023020624,2024-01-08,Ball Arena,OFF,BOS,COL,3,4,SO
2023020625,2024-01-09,KeyBank Center,OFF,SEA,BUF,5,2,
2023020626,2024-01-09,Amalie Arena,OFF,LAK,TBL,2,3,OT
2023020627,2024-01-09,Scotiabank Arena,OFF,SJS,TOR,1,7,
2023020628,2024-01-09,UBS Arena,OFF,VAN,NYI,5,2,
2023020629,2024-01-09,Bridgestone Arena,OFF,ANA,NSH,5,3,
2023020630,2024-01-09,Enterprise Center,OFF,FLA,STL,5,1,
2023020631,2024-01-09,Canada Life Centre,OFF,CBJ,WPG,0,5,
2023020632,2024-01-09,United Center,OFF,EDM,CHI,2,1,
2023020633,2024-01-09,Mullett Arena,OFF,BOS,ARI,3,4,OT
2023020634,2024-01-09,Scotiabank Saddledome,OFF,OTT,CGY,3,6,
2023020635,2024-01-10,Wells Fargo Center,OFF,MTL,PHI,2,3,SO
2023020636,2024-01-10,American Airlines Center,OFF,MIN,DAL,2,7,
2023020637,2024-01-10,Ball Arena,OFF,VGK,COL,0,3,
2023020638,2024-01-11,KeyBank Center,OFF,OTT,BUF,3,5,
2023020639,2024-01-11,PNC Arena,OFF,ANA,CAR,3,6,
2023020640,2024-01-11,Little Caesars Arena,OFF,EDM,DET,3,2,OT
2023020641,2024-01-11,Amerant Bank Arena,OFF,LAK,FLA,2,3,OT
2023020642,2024-01-11,Centre Bell,OFF,SJS,MTL,3,2,
2023020643,2024-01-11,PPG Paints Arena,OFF,VAN,PIT,4,3,OT
2023020644,2024-01-11,Amalie Arena,OFF,NJD,TBL,3,4,OT
2023020645,2024-01-11,Capital One Arena,OFF,SEA,WSH,4,1,
2023020646,2024-01-11,UBS Arena,OFF,TOR,NYI,3,4,OT
2023020647,2024-01-11,Enterprise Center,OFF,NYR,STL,2,5,
2023020648,2024-01-11,Canada Life Centre,OFF,CHI,WPG,1,2,
2023020649,2024-01-11,Mullett Arena,OFF,CGY,ARI,6,2,
2023020650,2024-01-11,T-Mobile Arena,OFF,BOS,VGK,1,2,OT
2023020651,2024-01-12,American Airlines Center,OFF,NSH,DAL,6,3,
2023020652,2024-01-12,Xcel Energy Center,OFF,PHI,MIN,4,3,OT
2023020653,2024-01-13,Capital One Arena,OFF,NYR,WSH,2,3,
2023020654,2024-01-13,KeyBank Center,OFF,VAN,BUF,1,0,
2023020655,2024-01-13,Canadian Tire Centre,OFF,SJS,OTT,4,5,
2023020656,2024-01-13,Amerant Bank Arena,OFF,NJD,FLA,4,1,
2023020657,2024-01-13,PNC Arena,OFF,PIT,CAR,2,3,OT
2023020658,2024-01-13,Nationwide Arena,OFF,SEA,CBJ,7,4,
2023020659,2024-01-13,Little Caesars Arena,OFF,LAK,DET,3,5,
2023020660,2024-01-13,Centre Bell,OFF,EDM,MTL,2,1,OT
2023020661,2024-01-13,Amalie Arena,OFF,ANA,TBL,1,5,
2023020662,2024-01-13,Scotiabank Arena,OFF,COL,TOR,5,3,
2023020663,2024-01-13,Canada Life Centre,OFF,PHI,WPG,2,0,
2023020664,2024-01-13,United Center,OFF,DAL,CHI,3,1,
2023020665,2024-01-13,Xcel Energy Center,OFF,ARI,MIN,6,0,
2023020666,2024-01-13,Bridgestone Arena,OFF,NYI,NSH,1,3,
2023020667,2024-01-13,Enterprise Center,OFF,BOS,STL,4,3,OT
2023020668,2024-01-13,T-Mobile Arena,OFF,CGY,VGK,3,1,
2023020669,2024-01-14,Madison Square Garden,OFF,WSH,NYR,1,2,
2023020670,2024-01-14,Scotiabank Arena,OFF,DET,TOR,4,2,
2023020672,2024-01-15,KeyBank Center,OFF,SJS,BUF,0,3,
2023020671,2024-01-15,TD Garden,OFF,NJD,BOS,0,3,
2023020673,2024-01-15,Nationwide Arena,OFF,VAN,CBJ,3,4,SO
2023020674,2024-01-15,Amerant Bank Arena,OFF,ANA,FLA,5,4,OT
2023020677,2024-01-15,PPG Paints Arena,OFF,SEA,PIT,0,3,
2023020675,2024-01-15,PNC Arena,OFF,LAK,CAR,5,2,
2023020676,2024-01-15,Xcel Energy Center,OFF,NYI,MIN,0,5,
2023020680,2024-01-15,T-Mobile Arena,OFF,NSH,VGK,1,4,
2023020678,2024-01-15,Centre Bell,OFF,COL,MTL,3,4,
2023020679,2024-01-15,Enterprise Center,OFF,PHI,STL,4,2,
2023020681,2024-01-16,Madison Square Garden,OFF,SEA,NYR,2,5,
2023020682,2024-01-16,Canadian Tire Centre,OFF,COL,OTT,7,4,
2023020683,2024-01-16,Capital One Arena,OFF,ANA,WSH,0,2,
2023020684,2024-01-16,American Airlines Center,OFF,LAK,DAL,1,5,
2023020685,2024-01-16,Canada Life Centre,OFF,NYI,WPG,2,4,
2023020686,2024-01-16,United Center,OFF,SJS,CHI,1,2,SO
2023020687,2024-01-16,Scotiabank Saddledome,OFF,ARI,CGY,2,3,OT
2023020688,2024-01-16,Rogers Place,OFF,TOR,EDM,2,4,
2023020689,2024-01-17,Amerant Bank Arena,OFF,DET,FLA,3,2,OT
2023020690,2024-01-17,Prudential Center,OFF,MTL,NJD,3,2,
2023020691,2024-01-18,KeyBank Center,OFF,CHI,BUF,0,3,
2023020692,2024-01-18,TD Garden,OFF,COL,BOS,2,5,
2023020693,2024-01-18,Canadian Tire Centre,OFF,MTL,OTT,2,6,
2023020694,2024-01-18,Wells Fargo Center,OFF,DAL,PHI,1,5,
2023020695,2024-01-18,Amalie Arena,OFF,MIN,TBL,3,7,
2023020696,2024-01-18,Capital One Arena,OFF,STL,WSH,2,5,
2023020697,2024-01-18,Scotiabank Saddledome,OFF,TOR,CGY,4,3,
2023020698,2024-01-18,Rogers Place,OFF,SEA,EDM,2,4,
2023020699,2024-01-18,Crypto.com Arena,OFF,NSH,LAK,2,1,
2023020700,2024-01-18,Rogers Arena,OFF,ARI,VAN,1,2,
2023020701,2024-01-18,T-Mobile Arena,OFF,NYR,VGK,1,5,
2023020702,2024-01-19,PNC Arena,OFF,DET,CAR,2,4,
2023020703,2024-01-19,Nationwide Arena,OFF,NJD,CBJ,4,1,
2023020705,2024-01-19,United Center,OFF,NYI,CHI,3,4,OT
2023020706,2024-01-20,KeyBank Center,OFF,TBL,BUF,3,1,
2023020707,2024-01-20,Wells Fargo Center,OFF,COL,PHI,7,4,
2023020708,2024-01-20,Mullett Arena,OFF,NSH,ARI,2,3,
2023020709,2024-01-20,Canadian Tire Centre,OFF,WPG,OTT,2,1,OT
2023020710,2024-01-20,TD Garden,OFF,MTL,BOS,4,9,
2023020711,2024-01-20,Prudential Center,OFF,DAL,NJD,6,2,
2023020713,2024-01-20,Enterprise Center,OFF,WSH,STL,0,3,
2023020714,2024-01-20,Scotiabank Saddledome,OFF,EDM,CGY,3,1,
2023020715,2024-01-20,SAP Center at San Jose,OFF,ANA,SJS,3,5,
2023020716,2024-01-20,T-Mobile Arena,OFF,PIT,VGK,2,3,
2023020717,2024-01-20,Crypto.com Arena,OFF,NYR,LAK,1,2,
2023020718,2024-01-21,Wells Fargo Center,OFF,OTT,PHI,5,3,
2023020719,2024-01-21,PNC Arena,OFF,MIN,CAR,5,2,
2023020720,2024-01-21,Little Caesars Arena,OFF,TBL,DET,1,2,
2023020721,2024-01-21,UBS Arena,OFF,DAL,NYI,2,3,OT
2023020722,2024-01-21,Honda Center,OFF,NYR,ANA,5,2,
2023020723,2024-01-21,Climate Pledge Arena,OFF,TOR,SEA,3,1,
2023020724,2024-01-22,TD Garden,OFF,WPG,BOS,1,4,
2023020725,2024-01-22,Prudential Center,OFF,VGK,NJD,5,6,OT
2023020726,2024-01-22,Bridgestone Arena,OFF,FLA,NSH,4,1,
2023020727,2024-01-22,Mullett Arena,OFF,PIT,ARI,2,5,
2023020728,2024-01-22,Rogers Arena,OFF,CHI,VAN,0,2,
2023020729,2024-01-22,Crypto.com Arena,OFF,SJS,LAK,4,3,SO
2023020730,2024-01-23,Little Caesars Arena,OFF,DAL,DET,5,4,
2023020731,2024-01-23,Centre Bell,OFF,OTT,MTL,4,1,
2023020732,2024-01-23,Wells Fargo Center,OFF,TBL,PHI,6,3,
2023020733,2024-01-23,UBS Arena,OFF,VGK,NYI,3,2,
2023020734,2024-01-23,Xcel Energy Center,OFF,WSH,MIN,3,5,
2023020735,2024-01-23,Scotiabank Saddledome,OFF,STL,CGY,4,3,
2023020736,2024-01-23,Rogers Place,OFF,CBJ,EDM,1,4,
2023020737,2024-01-23,Honda Center,OFF,BUF,ANA,2,4,
2023020738,2024-01-23,SAP Center at San Jose,OFF,NYR,SJS,2,3,OT
2023020739,2024-01-24,Amerant Bank Arena,OFF,ARI,FLA,2,6,
2023020740,2024-01-24,Scotiabank Arena,OFF,WPG,TOR,0,1,OT
2023020741,2024-01-24,TD Garden,OFF,CAR,BOS,3,2,
2023020742,2024-01-24,Ball Arena,OFF,WSH,COL,2,6,
2023020743,2024-01-24,Climate Pledge Arena,OFF,CHI,SEA,2,6,
2023020744,2024-01-24,Rogers Arena,OFF,STL,VAN,4,3,OT
2023020745,2024-01-24,Crypto.com Arena,OFF,BUF,LAK,5,3,
2023020747,2024-01-25,Little Caesars Arena,OFF,PHI,DET,0,3,
2023020748,2024-01-25,Centre Bell,OFF,NYI,MTL,3,4,
2023020749,2024-01-25,Canadian Tire Centre,OFF,BOS,OTT,3,2,OT
2023020750,2024-01-25,Amalie Arena,OFF,ARI,TBL,3,6,
2023020746,2024-01-25,PNC Arena,OFF,NJD,CAR,2,3,
2023020751,2024-01-25,American Airlines Center,OFF,ANA,DAL,3,4,OT
2023020752,2024-01-25,Xcel Energy Center,OFF,NSH,MIN,3,2,
2023020753,2024-01-25,Scotiabank Saddledome,OFF,CBJ,CGY,5,2,
2023020754,2024-01-25,Rogers Place,OFF,CHI,EDM,0,3,
2023020755,2024-01-26,Madison Square Garden,OFF,VGK,NYR,5,2,
2023020756,2024-01-26,PPG Paints Arena,OFF,FLA,PIT,3,2,SO
2023020757,2024-01-26,Ball Arena,OFF,LAK,COL,1,5,
2023020758,2024-01-26,Climate Pledge Arena,OFF,STL,SEA,4,3,OT
2023020759,2024-01-27,Wells Fargo Center,OFF,BOS,PHI,6,2,
2023020760,2024-01-27,American Airlines Center,OFF,WSH,DAL,4,5,OT
2023020761,2024-01-27,Rogers Place,OFF,NSH,EDM,1,4,
2023020762,2024-01-27,SAP Center at San Jose,OFF,BUF,SJS,5,2,
2023020763,2024-01-27,PNC Arena,OFF,ARI,CAR,1,3,
2023020765,2024-01-27,Canadian Tire Centre,OFF,NYR,OTT,7,2,
2023020766,2024-01-27,PPG Paints Arena,OFF,MTL,PIT,2,3,OT
2023020767,2024-01-27,Amalie Arena,OFF,NJD,TBL,3,6,
2023020768,2024-01-27,Canada Life Centre,OFF,TOR,WPG,4,2,
2023020769,2024-01-27,UBS Arena,OFF,FLA,NYI,3,2,OT
2023020764,2024-01-27,Little Caesars Arena,OFF,VGK,DET,2,5,
2023020770,2024-01-27,Xcel Energy Center,OFF,ANA,MIN,3,2,
2023020771,2024-01-27,Scotiabank Saddledome,OFF,CHI,CGY,0,1,
2023020772,2024-01-27,Rogers Arena,OFF,CBJ,VAN,4,5,OT
2023020773,2024-01-28,Enterprise Center,OFF,LAK,STL,3,4,OT
2023020774,2024-01-28,Climate Pledge Arena,OFF,CBJ,SEA,2,4,
2023020775,2024-01-29,Canadian Tire Centre,OFF,NSH,OTT,3,4,OT
2023020776,2024-01-30,Enterprise Center,OFF,CBJ,STL,1,0,
2023020777,2024-01-30,SAP Center at San Jose,FINAL,SEA,SJS,0,2,
2023020778,2024-01-31,Little Caesars Arena,FUT,OTT,DET,0,0,
2023020779,2024-01-31,Bridgestone Arena,FUT,LAK,NSH,0,0,
2023020780,2024-01-31,Honda Center,FUT,SJS,ANA,0,0,
2023020781,2024-02-05,Madison Square Garden,FUT,COL,NYR,0,0,
2023020782,2024-02-05,Scotiabank Arena,FUT,NYI,TOR,0,0,
2023020783,2024-02-06,TD Garden,FUT,CGY,BOS,0,0,
2023020784,2024-02-06,KeyBank Center,FUT,DAL,BUF,0,0,
2023020785,2024-02-06,PNC Arena,FUT,VAN,CAR,0,0,
2023020786,2024-02-06,Amerant Bank Arena,FUT,PHI,FLA,0,0,
2023020788,2024-02-06,PPG Paints Arena,FUT,WPG,PIT,0,0,
2023020789,2024-02-06,Capital One Arena,FUT,MTL,WSH,0,0,
2023020787,2024-02-06,Prudential Center,FUT,COL,NJD,0,0,
2023020790,2024-02-06,T-Mobile Arena,FUT,EDM,VGK,0,0,
2023020791,2024-02-07,Madison Square Garden,FUT,TBL,NYR,0,0,
2023020792,2024-02-07,Scotiabank Arena,FUT,DAL,TOR,0,0,
2023020793,2024-02-07,United Center,FUT,MIN,CHI,0,0,
2023020794,2024-02-08,TD Garden,FUT,VAN,BOS,0,0,
2023020795,2024-02-08,Amerant Bank Arena,FUT,WSH,FLA,0,0,
2023020796,2024-02-08,Prudential Center,FUT,CGY,NJD,0,0,
2023020797,2024-02-08,Wells Fargo Center,FUT,WPG,PHI,0,0,
2023020798,2024-02-08,UBS Arena,FUT,TBL,NYI,0,0,
2023020799,2024-02-08,PNC Arena,FUT,COL,CAR,0,0,
2023020800,2024-02-08,Mullett Arena,FUT,VGK,ARI,0,0,
2023020801,2024-02-09,Xcel Energy Center,FUT,PIT,MIN,0,0,
2023020802,2024-02-09,United Center,FUT,NYR,CHI,0,0,
2023020803,2024-02-09,Honda Center,FUT,EDM,ANA,0,0,
2023020804,2024-02-10,KeyBank Center,FUT,STL,BUF,0,0,
2023020805,2024-02-10,Little Caesars Arena,FUT,VAN,DET,0,0,
2023020806,2024-02-10,Centre Bell,FUT,DAL,MTL,0,0,
2023020807,2024-02-10,UBS Arena,FUT,CGY,NYI,0,0,
2023020808,2024-02-10,TD Garden,FUT,WSH,BOS,0,0,
2023020809,2024-02-10,Amerant Bank Arena,FUT,COL,FLA,0,0,
2023020810,2024-02-10,PNC Arena,FUT,NJD,CAR,0,0,
2023020811,2024-02-10,Nationwide Arena,FUT,TBL,CBJ,0,0,
2023020812,2024-02-10,Canadian Tire Centre,FUT,TOR,OTT,0,0,
2023020813,2024-02-10,Wells Fargo Center,FUT,SEA,PHI,0,0,
2023020814,2024-02-10,Canada Life Centre,FUT,PIT,WPG,0,0,
2023020815,2024-02-10,Bridgestone Arena,FUT,ARI,NSH,0,0,
2023020816,2024-02-10,Crypto.com Arena,FUT,EDM,LAK,0,0,
2023020817,2024-02-11,Centre Bell,FUT,STL,MTL,0,0,
2023020818,2024-02-11,Capital One Arena,FUT,VAN,WSH,0,0,
2023020819,2024-02-12,Prudential Center,FUT,SEA,NJD,0,0,
2023020820,2024-02-12,Madison Square Garden,FUT,CGY,NYR,0,0,
2023020821,2024-02-12,Wells Fargo Center,FUT,ARI,PHI,0,0,
2023020822,2024-02-12,T-Mobile Arena,FUT,MIN,VGK,0,0,
2023020823,2024-02-13,TD Garden,FUT,TBL,BOS,0,0,
2023020824,2024-02-13,KeyBank Center,FUT,LAK,BUF,0,0,
2023020825,2024-02-13,Centre Bell,FUT,ANA,MTL,0,0,
2023020826,2024-02-13,Canadian Tire Centre,FUT,CBJ,OTT,0,0,
2023020827,2024-02-13,Scotiabank Arena,FUT,STL,TOR,0,0,
2023020828,2024-02-13,Capital One Arena,FUT,COL,WSH,0,0,
2023020829,2024-02-13,UBS Arena,FUT,SEA,NYI,0,0,
2023020830,2024-02-13,American Airlines Center,FUT,CAR,DAL,0,0,
2023020831,2024-02-13,Bridgestone Arena,FUT,NJD,NSH,0,0,
2023020832,2024-02-13,United Center,FUT,VAN,CHI,0,0,
2023020833,2024-02-13,Rogers Place,FUT,DET,EDM,0,0,
2023020834,2024-02-14,PPG Paints Arena,FUT,FLA,PIT,0,0,
2023020835,2024-02-14,Canada Life Centre,FUT,SJS,WPG,0,0,
2023020836,2024-02-14,Mullett Arena,FUT,MIN,ARI,0,0,
2023020837,2024-02-15,TD Garden,FUT,SEA,BOS,0,0,
2023020838,2024-02-15,KeyBank Center,FUT,FLA,BUF,0,0,
2023020839,2024-02-15,Prudential Center,FUT,LAK,NJD,0,0,
2023020840,2024-02-15,Madison Square Garden,FUT,MTL,NYR,0,0,
2023020841,2024-02-15,Canadian Tire Centre,FUT,ANA,OTT,0,0,
2023020842,2024-02-15,Amalie Arena,FUT,COL,TBL,0,0,
2023020843,2024-02-15,Scotiabank Arena,FUT,PHI,TOR,0,0,
2023020844,2024-02-15,Enterprise Center,FUT,EDM,STL,0,0,
2023020847,2024-02-15,Bridgestone Arena,FUT,DAL,NSH,0,0,
2023020845,2024-02-15,United Center,FUT,PIT,CHI,0,0,
2023020846,2024-02-15,Scotiabank Saddledome,FUT,SJS,CGY,0,0,
2023020848,2024-02-15,Rogers Arena,FUT,DET,VAN,0,0,
2023020849,2024-02-16,Mullett Arena,FUT,CAR,ARI,0,0,
2023020853,2024-02-17,TD Garden,FUT,LAK,BOS,0,0,
2023020850,2024-02-17,American Airlines Center,FUT,EDM,DAL,0,0,
2023020851,2024-02-17,United Center,FUT,OTT,CHI,0,0,
2023020852,2024-02-17,Scotiabank Saddledome,FUT,DET,CGY,0,0,
2023020854,2024-02-17,Xcel Energy Center,FUT,BUF,MIN,0,0,
2023020855,2024-02-17,Enterprise Center,FUT,NSH,STL,0,0,
2023020856,2024-02-17,Amalie Arena,FUT,FLA,TBL,0,0,
2023020857,2024-02-17,Centre Bell,FUT,WSH,MTL,0,0,
2023020858,2024-02-17,Scotiabank Arena,FUT,ANA,TOR,0,0,
2023020859,2024-02-17,MetLife Stadium,FUT,PHI,NJD,0,0,
2023020860,2024-02-17,Rogers Arena,FUT,WPG,VAN,0,0,
2023020861,2024-02-17,SAP Center at San Jose,FUT,CBJ,SJS,0,0,
2023020862,2024-02-17,T-Mobile Arena,FUT,CAR,VGK,0,0,
2023020863,2024-02-18,MetLife Stadium,FUT,NYR,NYI,0,0,
2023020864,2024-02-18,Ball Arena,FUT,ARI,COL,0,0,
2023020865,2024-02-18,PPG Paints Arena,FUT,LAK,PIT,0,0,
2023020866,2024-02-19,KeyBank Center,FUT,ANA,BUF,0,0,
2023020867,2024-02-19,TD Garden,FUT,DAL,BOS,0,0,
2023020868,2024-02-19,Enterprise Center,FUT,TOR,STL,0,0,
2023020869,2024-02-19,Xcel Energy Center,FUT,VAN,MIN,0,0,
2023020870,2024-02-19,Climate Pledge Arena,FUT,DET,SEA,0,0,
2023020871,2024-02-19,Mullett Arena,FUT,EDM,ARI,0,0,
2023020872,2024-02-19,Scotiabank Saddledome,FUT,WPG,CGY,0,0,
2023020873,2024-02-19,SAP Center at San Jose,FUT,VGK,SJS,0,0,
2023020874,2024-02-19,PNC Arena,FUT,CHI,CAR,0,0,
2023020875,2024-02-19,Amalie Arena,FUT,OTT,TBL,0,0,
2023020876,2024-02-20,Amerant Bank Arena,FUT,OTT,FLA,0,0,
2023020877,2024-02-20,Madison Square Garden,FUT,DAL,NYR,0,0,
2023020878,2024-02-20,PPG Paints Arena,FUT,NYI,PIT,0,0,
2023020879,2024-02-20,Capital One Arena,FUT,NJD,WSH,0,0,
2023020880,2024-02-20,Canada Life Centre,FUT,MIN,WPG,0,0,
2023020881,2024-02-20,Ball Arena,FUT,VAN,COL,0,0,
2023020882,2024-02-20,T-Mobile Arena,FUT,NSH,VGK,0,0,
2023020883,2024-02-20,Crypto.com Arena,FUT,CBJ,LAK,0,0,
2023020884,2024-02-21,Centre Bell,FUT,BUF,MTL,0,0,
2023020885,2024-02-21,United Center,FUT,PHI,CHI,0,0,
2023020886,2024-02-21,Honda Center,FUT,CBJ,ANA,0,0,
2023020887,2024-02-21,Mullett Arena,FUT,TOR,ARI,0,0,
2023020888,2024-02-21,Rogers Place,FUT,BOS,EDM,0,0,
2023020889,2024-02-22,PNC Arena,FUT,FLA,CAR,0,0,
2023020890,2024-02-22,Little Caesars Arena,FUT,COL,DET,0,0,
2023020891,2024-02-22,Prudential Center,FUT,NYR,NJD,0,0,
2023020892,2024-02-22,Canadian Tire Centre,FUT,DAL,OTT,0,0,
2023020893,2024-02-22,PPG Paints Arena,FUT,MTL,PIT,0,0,
2023020894,2024-02-22,Amalie Arena,FUT,WSH,TBL,0,0,
2023020895,2024-02-22,Enterprise Center,FUT,NYI,STL,0,0,
2023020896,2024-02-22,Scotiabank Saddledome,FUT,BOS,CGY,0,0,
2023020897,2024-02-22,Climate Pledge Arena,FUT,VAN,SEA,0,0,
2023020898,2024-02-22,T-Mobile Arena,FUT,TOR,VGK,0,0,
2023020899,2024-02-22,Crypto.com Arena,FUT,NSH,LAK,0,0,
2023020900,2024-02-23,Nationwide Arena,FUT,BUF,CBJ,0,0,
2023020901,2024-02-23,United Center,FUT,WPG,CHI,0,0,
2023020902,2024-02-23,Rogers Place,FUT,MIN,EDM,0,0,
2023020909,2024-02-24,Little Caesars Arena,FUT,STL,DET,0,0,
2023020903,2024-02-24,Prudential Center,FUT,MTL,NJD,0,0,
2023020904,2024-02-24,UBS Arena,FUT,TBL,NYI,0,0,
2023020905,2024-02-24,Wells Fargo Center,FUT,NYR,PHI,0,0,
2023020906,2024-02-24,Amerant Bank Arena,FUT,WSH,FLA,0,0,
2023020908,2024-02-24,Ball Arena,FUT,TOR,COL,0,0,
2023020910,2024-02-24,Canadian Tire Centre,FUT,VGK,OTT,0,0,
2023020911,2024-02-24,Rogers Arena,FUT,BOS,VAN,0,0,
2023020907,2024-02-24,PNC Arena,FUT,DAL,CAR,0,0,
2023020912,2024-02-24,Rogers Place,FUT,CGY,EDM,0,0,
2023020913,2024-02-24,Climate Pledge Arena,FUT,MIN,SEA,0,0,
2023020914,2024-02-24,SAP Center at San Jose,FUT,NSH,SJS,0,0,
2023020915,2024-02-24,Crypto.com Arena,FUT,ANA,LAK,0,0,
2023020916,2024-02-25,Prudential Center,FUT,TBL,NJD,0,0,
2023020917,2024-02-25,PPG Paints Arena,FUT,PHI,PIT,0,0,
2023020918,2024-02-25,KeyBank Center,FUT,CAR,BUF,0,0,
2023020919,2024-02-25,Nationwide Arena,FUT,NYR,CBJ,0,0,
2023020920,2024-02-25,United Center,FUT,DET,CHI,0,0,
2023020921,2024-02-25,Canada Life Centre,FUT,ARI,WPG,0,0,
2023020922,2024-02-25,Honda Center,FUT,NSH,ANA,0,0,
2023020923,2024-02-26,Capital One Arena,FUT,OTT,WSH,0,0,
2023020924,2024-02-26,American Airlines Center,FUT,NYI,DAL,0,0,
2023020925,2024-02-26,Rogers Place,FUT,LAK,EDM,0,0,
2023020926,2024-02-26,Climate Pledge Arena,FUT,BOS,SEA,0,0,
2023020927,2024-02-27,Little Caesars Arena,FUT,WSH,DET,0,0,
2023020928,2024-02-27,Amerant Bank Arena,FUT,BUF,FLA,0,0,
2023020929,2024-02-27,Centre Bell,FUT,ARI,MTL,0,0,
2023020930,2024-02-27,Wells Fargo Center,FUT,TBL,PHI,0,0,
2023020931,2024-02-27,Scotiabank Arena,FUT,VGK,TOR,0,0,
2023020932,2024-02-27,Xcel Energy Center,FUT,CAR,MIN,0,0,
2023020933,2024-02-27,Bridgestone Arena,FUT,OTT,NSH,0,0,
2023020934,2024-02-27,Canada Life Centre,FUT,STL,WPG,0,0,
2023020935,2024-02-27,Scotiabank Saddledome,FUT,LAK,CGY,0,0,
2023020936,2024-02-27,Ball Arena,FUT,DAL,COL,0,0,
2023020937,2024-02-27,Rogers Arena,FUT,PIT,VAN,0,0,
2023020938,2024-02-27,SAP Center at San Jose,FUT,NJD,SJS,0,0,
2023020939,2024-02-28,Madison Square Garden,FUT,CBJ,NYR,0,0,
2023020940,2024-02-28,Rogers Place,FUT,STL,EDM,0,0,
2023020941,2024-02-29,TD Garden,FUT,VGK,BOS,0,0,
2023020942,2024-02-29,Nationwide Arena,FUT,CAR,CBJ,0,0,
2023020943,2024-02-29,Little Caesars Arena,FUT,NYI,DET,0,0,
2023020944,2024-02-29,Amerant Bank Arena,FUT,MTL,FLA,0,0,
2023020945,2024-02-29,Amalie Arena,FUT,BUF,TBL,0,0,
2023020946,2024-02-29,Scotiabank Arena,FUT,ARI,TOR,0,0,
2023020947,2024-02-29,American Airlines Center,FUT,WPG,DAL,0,0,
2023020948,2024-02-29,Bridgestone Arena,FUT,MIN,NSH,0,0,
2023020949,2024-02-29,United Center,FUT,COL,CHI,0,0,
2023020950,2024-02-29,Climate Pledge Arena,FUT,PIT,SEA,0,0,
2023020951,2024-02-29,Rogers Arena,FUT,LAK,VAN,0,0,
2023020952,2024-02-29,SAP Center at San Jose,FUT,ANA,SJS,0,0,
2023020953,2024-03-01,Canadian Tire Centre,FUT,ARI,OTT,0,0,
2023020954,2024-03-01,Capital One Arena,FUT,PHI,WSH,0,0,
2023020955,2024-03-01,Honda Center,FUT,NJD,ANA,0,0,
2023020956,2024-03-02,PNC Arena,FUT,WPG,CAR,0,0,
2023020967,2024-03-02,Enterprise Center,FUT,MIN,STL,0,0,
2023020958,2024-03-02,Climate Pledge Arena,FUT,EDM,SEA,0,0,
2023020959,2024-03-02,Bridgestone Arena,FUT,COL,NSH,0,0,
2023020960,2024-03-02,KeyBank Center,FUT,VGK,BUF,0,0,
2023020961,2024-03-02,Little Caesars Arena,FUT,FLA,DET,0,0,
2023020962,2024-03-02,Wells Fargo Center,FUT,OTT,PHI,0,0,
2023020963,2024-03-02,Amalie Arena,FUT,MTL,TBL,0,0,
2023020964,2024-03-02,Scotiabank Arena,FUT,NYR,TOR,0,0,
2023020957,2024-03-02,UBS Arena,FUT,BOS,NYI,0,0,
2023020965,2024-03-02,United Center,FUT,CBJ,CHI,0,0,
2023020966,2024-03-02,American Airlines Center,FUT,SJS,DAL,0,0,
2023020968,2024-03-02,Scotiabank Saddledome,FUT,PIT,CGY,0,0,
2023020969,2024-03-03,Capital One Arena,FUT,ARI,WSH,0,0,
2023020970,2024-03-03,Crypto.com Arena,FUT,NJD,LAK,0,0,
2023020971,2024-03-03,KeyBank Center,FUT,WPG,BUF,0,0,
2023020972,2024-03-03,Xcel Energy Center,FUT,SJS,MIN,0,0,
2023020973,2024-03-03,Honda Center,FUT,VAN,ANA,0,0,
2023020974,2024-03-03,Rogers Place,FUT,PIT,EDM,0,0,
2023020975,2024-03-04,Nationwide Arena,FUT,VGK,CBJ,0,0,
2023020976,2024-03-04,Madison Square Garden,FUT,FLA,NYR,0,0,
2023020978,2024-03-04,Scotiabank Arena,FUT,BOS,TOR,0,0,
2023020977,2024-03-04,Wells Fargo Center,FUT,STL,PHI,0,0,
2023020979,2024-03-04,Ball Arena,FUT,CHI,COL,0,0,
2023020980,2024-03-04,Scotiabank Saddledome,FUT,SEA,CGY,0,0,
2023020982,2024-03-05,Prudential Center,FUT,FLA,NJD,0,0,
2023020983,2024-03-05,PPG Paints Arena,FUT,CBJ,PIT,0,0,
2023020981,2024-03-05,TD Garden,FUT,EDM,BOS,0,0,
2023020984,2024-03-05,UBS Arena,FUT,STL,NYI,0,0,
2023020985,2024-03-05,Bridgestone Arena,FUT,MTL,NSH,0,0,
2023020986,2024-03-05,Canada Life Centre,FUT,SEA,WPG,0,0,
2023020987,2024-03-05,Mullett Arena,FUT,CHI,ARI,0,0,
2023020988,2024-03-05,Crypto.com Arena,FUT,VAN,LAK,0,0,
2023020989,2024-03-05,SAP Center at San Jose,FUT,DAL,SJS,0,0,
2023020990,2024-03-06,Scotiabank Arena,FUT,BUF,TOR,0,0,
2023020991,2024-03-06,Ball Arena,FUT,DET,COL,0,0,
2023020992,2024-03-06,Honda Center,FUT,OTT,ANA,0,0,
2023020993,2024-03-07,TD Garden,FUT,TOR,BOS,0,0,
2023020994,2024-03-07,PNC Arena,FUT,MTL,CAR,0,0,
2023020995,2024-03-07,Nationwide Arena,FUT,EDM,CBJ,0,0,
2023020996,2024-03-07,Amerant Bank Arena,FUT,PHI,FLA,0,0,
2023020997,2024-03-07,Prudential Center,FUT,STL,NJD,0,0,
2023020998,2024-03-07,PPG Paints Arena,FUT,WSH,PIT,0,0,
2023020999,2024-03-07,Amalie Arena,FUT,CGY,TBL,0,0,
2023021000,2024-03-07,Bridgestone Arena,FUT,BUF,NSH,0,0,
2023021001,2024-03-07,Mullett Arena,FUT,MIN,ARI,0,0,
2023021002,2024-03-07,T-Mobile Arena,FUT,VAN,VGK,0,0,
2023021003,2024-03-07,Crypto.com Arena,FUT,OTT,LAK,0,0,
2023021005,2024-03-08,Mullett Arena,FUT,DET,ARI,0,0,
2023021006,2024-03-08,Ball Arena,FUT,MIN,COL,0,0,
2023021007,2024-03-08,Honda Center,FUT,DAL,ANA,0,0,
2023021008,2024-03-08,Climate Pledge Arena,FUT,WPG,SEA,0,0,
2023021009,2024-03-09,KeyBank Center,FUT,EDM,BUF,0,0,
2023021010,2024-03-09,Nationwide Arena,FUT,NSH,CBJ,0,0,
2023021011,2024-03-09,Prudential Center,FUT,CAR,NJD,0,0,
2023021013,2024-03-09,Amerant Bank Arena,FUT,CGY,FLA,0,0,
2023021014,2024-03-09,Centre Bell,FUT,TOR,MTL,0,0,
2023021015,2024-03-09,SAP Center at San Jose,FUT,OTT,SJS,0,0,
2023021016,2024-03-09,Amalie Arena,FUT,PHI,TBL,0,0,
2023021017,2024-03-09,Capital One Arena,FUT,CHI,WSH,0,0,
2023021018,2024-03-09,Madison Square Garden,FUT,STL,NYR,0,0,
2023021019,2024-03-09,Rogers Arena,FUT,WPG,VAN,0,0,
2023021020,2024-03-09,T-Mobile Arena,FUT,DET,VGK,0,0,
2023021021,2024-03-09,Crypto.com Arena,FUT,DAL,LAK,0,0,
2023021022,2024-03-10,PPG Paints Arena,FUT,EDM,PIT,0,0,
2023021023,2024-03-10,Xcel Energy Center,FUT,NSH,MIN,0,0,
2023021024,2024-03-10,PNC Arena,FUT,CGY,CAR,0,0,
2023021025,2024-03-10,United Center,FUT,ARI,CHI,0,0,
2023021026,2024-03-10,Honda Center,FUT,NYI,ANA,0,0,
2023021027,2024-03-11,TD Garden,FUT,STL,BOS,0,0,
2023021028,2024-03-11,Madison Square Garden,FUT,NJD,NYR,0,0,
2023021029,2024-03-11,Canada Life Centre,FUT,WSH,WPG,0,0,
2023021030,2024-03-11,Crypto.com Arena,FUT,NYI,LAK,0,0,
2023021031,2024-03-12,KeyBank Center,FUT,DET,BUF,0,0,
2023021032,2024-03-12,PNC Arena,FUT,NYR,CAR,0,0,
2023021033,2024-03-12,Centre Bell,FUT,CBJ,MTL,0,0,
2023021034,2024-03-12,Canadian Tire Centre,FUT,PIT,OTT,0,0,
2023021035,2024-03-12,Wells Fargo Center,FUT,SJS,PHI,0,0,
2023021036,2024-03-12,American Airlines Center,FUT,FLA,DAL,0,0,
2023021037,2024-03-12,Xcel Energy Center,FUT,ARI,MIN,0,0,
2023021038,2024-03-12,United Center,FUT,ANA,CHI,0,0,
2023021039,2024-03-12,Scotiabank Saddledome,FUT,COL,CGY,0,0,
2023021040,2024-03-12,Climate Pledge Arena,FUT,VGK,SEA,0,0,
2023021041,2024-03-13,Enterprise Center,FUT,LAK,STL,0,0,
2023021042,2024-03-13,Canada Life Centre,FUT,NSH,WPG,0,0,
2023021043,2024-03-13,Rogers Place,FUT,WSH,EDM,0,0,
2023021044,2024-03-13,Rogers Arena,FUT,COL,VAN,0,0,
2023021046,2024-03-14,PNC Arena,FUT,FLA,CAR,0,0,
2023021047,2024-03-14,Nationwide Arena,FUT,OTT,CBJ,0,0,
2023021048,2024-03-14,Little Caesars Arena,FUT,ARI,DET,0,0,
2023021049,2024-03-14,Centre Bell,FUT,BOS,MTL,0,0,
2023021050,2024-03-14,Wells Fargo Center,FUT,TOR,PHI,0,0,
2023021051,2024-03-14,PPG Paints Arena,FUT,SJS,PIT,0,0,
2023021052,2024-03-14,Amalie Arena,FUT,NYR,TBL,0,0,
2023021045,2024-03-14,KeyBank Center,FUT,NYI,BUF,0,0,
2023021053,2024-03-14,American Airlines Center,FUT,NJD,DAL,0,0,
2023021054,2024-03-14,Xcel Energy Center,FUT,ANA,MIN,0,0,
2023021055,2024-03-14,Scotiabank Saddledome,FUT,VGK,CGY,0,0,
2023021056,2024-03-14,Climate Pledge Arena,FUT,WSH,SEA,0,0,
2023021057,2024-03-15,Canada Life Centre,FUT,ANA,WPG,0,0,
2023021058,2024-03-15,United Center,FUT,LAK,CHI,0,0,
2023021059,2024-03-16,Little Caesars Arena,FUT,BUF,DET,0,0,
2023021060,2024-03-16,UBS Arena,FUT,OTT,NYI,0,0,
2023021061,2024-03-16,PPG Paints Arena,FUT,NYR,PIT,0,0,
2023021062,2024-03-16,Mullett Arena,FUT,NJD,ARI,0,0,
2023021063,2024-03-16,Amerant Bank Arena,FUT,TBL,FLA,0,0,
2023021064,2024-03-16,TD Garden,FUT,PHI,BOS,0,0,
2023021065,2024-03-16,Nationwide Arena,FUT,SJS,CBJ,0,0,
2023021066,2024-03-16,Scotiabank Saddledome,FUT,MTL,CGY,0,0,
2023021067,2024-03-16,Scotiabank Arena,FUT,CAR,TOR,0,0,
2023021068,2024-03-16,American Airlines Center,FUT,LAK,DAL,0,0,
2023021069,2024-03-16,Enterprise Center,FUT,MIN,STL,0,0,
2023021070,2024-03-16,Rogers Place,FUT,COL,EDM,0,0,
2023021071,2024-03-16,Climate Pledge Arena,FUT,NSH,SEA,0,0,
2023021072,2024-03-16,Rogers Arena,FUT,WSH,VAN,0,0,
2023021073,2024-03-17,Madison Square Garden,FUT,NYI,NYR,0,0,
2023021074,2024-03-17,T-Mobile Arena,FUT,NJD,VGK,0,0,
2023021075,2024-03-17,Nationwide Arena,FUT,WPG,CBJ,0,0,
2023021076,2024-03-17,United Center,FUT,SJS,CHI,0,0,
2023021077,2024-03-17,Canadian Tire Centre,FUT,CAR,OTT,0,0,
2023021078,2024-03-17,PPG Paints Arena,FUT,DET,PIT,0,0,
2023021079,2024-03-17,Enterprise Center,FUT,ANA,STL,0,0,
2023021080,2024-03-18,Scotiabank Saddledome,FUT,WSH,CGY,0,0,
2023021081,2024-03-18,Climate Pledge Arena,FUT,BUF,SEA,0,0,
2023021082,2024-03-19,TD Garden,FUT,OTT,BOS,0,0,
2023021083,2024-03-19,Little Caesars Arena,FUT,CBJ,DET,0,0,
2023021084,2024-03-19,Prudential Center,FUT,PIT,NJD,0,0,
2023021085,2024-03-19,Madison Square Garden,FUT,WPG,NYR,0,0,
2023021086,2024-03-19,Wells Fargo Center,FUT,TOR,PHI,0,0,
2023021087,2024-03-19,UBS Arena,FUT,CAR,NYI,0,0,
2023021088,2024-03-19,Bridgestone Arena,FUT,SJS,NSH,0,0,
2023021089,2024-03-19,Enterprise Center,FUT,COL,STL,0,0,
2023021090,2024-03-19,Rogers Place,FUT,MTL,EDM,0,0,
2023021091,2024-03-19,Honda Center,FUT,MIN,ANA,0,0,
2023021092,2024-03-19,Crypto.com Arena,FUT,CHI,LAK,0,0,
2023021093,2024-03-19,Rogers Arena,FUT,BUF,VAN,0,0,
2023021094,2024-03-19,T-Mobile Arena,FUT,TBL,VGK,0,0,
2023021095,2024-03-20,Capital One Arena,FUT,TOR,WSH,0,0,
2023021096,2024-03-20,American Airlines Center,FUT,ARI,DAL,0,0,
2023021097,2024-03-20,Crypto.com Arena,FUT,MIN,LAK,0,0,
2023021098,2024-03-21,TD Garden,FUT,NYR,BOS,0,0,
2023021099,2024-03-21,PNC Arena,FUT,PHI,CAR,0,0,
2023021100,2024-03-21,Little Caesars Arena,FUT,NYI,DET,0,0,
2023021102,2024-03-21,Prudential Center,PRE,WPG,NJD,0,0,
2023021103,2024-03-21,Canadian Tire Centre,FUT,STL,OTT,0,0,
2023021101,2024-03-21,Amerant Bank Arena,FUT,NSH,FLA,0,0,
2023021105,2024-03-21,Honda Center,FUT,CHI,ANA,0,0,
2023021106,2024-03-21,Rogers Arena,FUT,MTL,VAN,0,0,
2023021107,2024-03-21,T-Mobile Arena,FUT,SEA,VGK,0,0,
2023021108,2024-03-21,SAP Center at San Jose,FUT,TBL,SJS,0,0,
2023021109,2024-03-22,Capital One Arena,FUT,CAR,WSH,0,0,
2023021110,2024-03-22,American Airlines Center,FUT,PIT,DAL,0,0,
2023021111,2024-03-22,Ball Arena,FUT,CBJ,COL,0,0,
2023021113,2024-03-23,UBS Arena,FUT,WPG,NYI,0,0,
2023021114,2024-03-23,Wells Fargo Center,FUT,BOS,PHI,0,0,
2023021115,2024-03-23,Xcel Energy Center,FUT,STL,MIN,0,0,
2023021116,2024-03-23,Bridgestone Arena,FUT,DET,NSH,0,0,
2023021117,2024-03-23,Prudential Center,FUT,OTT,NJD,0,0,
2023021118,2024-03-23,Scotiabank Arena,FUT,EDM,TOR,0,0,
2023021119,2024-03-23,Madison Square Garden,FUT,FLA,NYR,0,0,
2023021120,2024-03-23,Rogers Arena,FUT,CGY,VAN,0,0,
2023021121,2024-03-23,Crypto.com Arena,FUT,TBL,LAK,0,0,
2023021122,2024-03-23,SAP Center at San Jose,FUT,CHI,SJS,0,0,
2023021123,2024-03-23,T-Mobile Arena,FUT,CBJ,VGK,0,0,
2023021124,2024-03-24,Capital One Arena,FUT,WPG,WSH,0,0,
2023021125,2024-03-24,Ball Arena,FUT,PIT,COL,0,0,
2023021126,2024-03-24,UBS Arena,FUT,NJD,NYI,0,0,
2023021127,2024-03-24,PNC Arena,FUT,TOR,CAR,0,0,
2023021128,2024-03-24,Canadian Tire Centre,FUT,EDM,OTT,0,0,
2023021129,2024-03-24,Wells Fargo Center,FUT,FLA,PHI,0,0,
2023021130,2024-03-24,Mullett Arena,FUT,DAL,ARI,0,0,
2023021131,2024-03-24,Honda Center,FUT,TBL,ANA,0,0,
2023021132,2024-03-24,Scotiabank Saddledome,FUT,BUF,CGY,0,0,
2023021133,2024-03-24,Climate Pledge Arena,FUT,MTL,SEA,0,0,
2023021134,2024-03-25,Enterprise Center,FUT,VGK,STL,0,0,
2023021135,2024-03-25,Rogers Arena,FUT,LAK,VAN,0,0,
2023021136,2024-03-26,Amerant Bank Arena,FUT,BOS,FLA,0,0,
2023021137,2024-03-26,Madison Square Garden,FUT,PHI,NYR,0,0,
2023021138,2024-03-26,PPG Paints Arena,FUT,CAR,PIT,0,0,
2023021140,2024-03-26,Capital One Arena,FUT,DET,WSH,0,0,
2023021139,2024-03-26,Scotiabank Arena,FUT,NJD,TOR,0,0,
2023021141,2024-03-26,Bridgestone Arena,FUT,VGK,NSH,0,0,
2023021142,2024-03-26,Canada Life Centre,FUT,EDM,WPG,0,0,
2023021143,2024-03-26,United Center,FUT,CGY,CHI,0,0,
2023021144,2024-03-26,Ball Arena,FUT,MTL,COL,0,0,
2023021145,2024-03-26,Mullett Arena,FUT,CBJ,ARI,0,0,
2023021146,2024-03-26,Climate Pledge Arena,FUT,ANA,SEA,0,0,
2023021147,2024-03-26,SAP Center at San Jose,FUT,DAL,SJS,0,0,
2023021148,2024-03-27,KeyBank Center,FUT,OTT,BUF,0,0,
2023021149,2024-03-27,Amalie Arena,FUT,BOS,TBL,0,0,
2023021151,2024-03-28,Amerant Bank Arena,FUT,NYI,FLA,0,0,
2023021152,2024-03-28,Centre Bell,FUT,PHI,MTL,0,0,
2023021153,2024-03-28,Canadian Tire Centre,FUT,CHI,OTT,0,0,
2023021154,2024-03-28,PPG Paints Arena,FUT,CBJ,PIT,0,0,
2023021155,2024-03-28,Scotiabank Arena,FUT,WSH,TOR,0,0,
2023021150,2024-03-28,PNC Arena,FUT,DET,CAR,0,0,
2023021156,2024-03-28,Xcel Energy Center,FUT,SJS,MIN,0,0,
2023021157,2024-03-28,Enterprise Center,FUT,CGY,STL,0,0,
2023021158,2024-03-28,Canada Life Centre,FUT,VGK,WPG,0,0,
2023021159,2024-03-28,Ball Arena,FUT,NYR,COL,0,0,
2023021160,2024-03-28,Rogers Place,FUT,LAK,EDM,0,0,
2023021161,2024-03-28,Mullett Arena,FUT,NSH,ARI,0,0,
2023021162,2024-03-28,Climate Pledge Arena,FUT,ANA,SEA,0,0,
2023021163,2024-03-28,Rogers Arena,FUT,DAL,VAN,0,0,
2023021164,2024-03-29,KeyBank Center,FUT,NJD,BUF,0,0,
2023021165,2024-03-30,Amerant Bank Arena,FUT,DET,FLA,0,0,
2023021166,2024-03-30,Xcel Energy Center,FUT,VGK,MIN,0,0,
2023021167,2024-03-30,Rogers Place,FUT,ANA,EDM,0,0,
2023021168,2024-03-30,Mullett Arena,FUT,NYR,ARI,0,0,
2023021169,2024-03-30,Ball Arena,FUT,NSH,COL,0,0,
2023021170,2024-03-30,KeyBank Center,FUT,TOR,BUF,0,0,
2023021171,2024-03-30,Nationwide Arena,FUT,PIT,CBJ,0,0,
2023021172,2024-03-30,Centre Bell,FUT,CAR,MTL,0,0,
2023021173,2024-03-30,Wells Fargo Center,FUT,CHI,PHI,0,0,
2023021174,2024-03-30,Amalie Arena,FUT,NYI,TBL,0,0,
2023021175,2024-03-30,Canada Life Centre,FUT,OTT,WPG,0,0,
2023021176,2024-03-30,Capital One Arena,FUT,BOS,WSH,0,0,
2023021177,2024-03-30,Enterprise Center,FUT,SJS,STL,0,0,
2023021178,2024-03-30,Scotiabank Saddledome,FUT,LAK,CGY,0,0,
2023021179,2024-03-30,Climate Pledge Arena,FUT,DAL,SEA,0,0,
2023021180,2024-03-31,Rogers Arena,FUT,ANA,VAN,0,0,
2023021181,2024-04-01,Nationwide Arena,FUT,COL,CBJ,0,0,
2023021182,2024-04-01,Madison Square Garden,FUT,PIT,NYR,0,0,
2023021183,2024-04-01,Wells Fargo Center,FUT,NYI,PHI,0,0,
2023021184,2024-04-01,Amalie Arena,FUT,DET,TBL,0,0,
2023021185,2024-04-01,Scotiabank Arena,FUT,FLA,TOR,0,0,
2023021186,2024-04-01,Enterprise Center,FUT,EDM,STL,0,0,
2023021187,2024-04-01,Canada Life Centre,FUT,LAK,WPG,0,0,
2023021188,2024-04-01,SAP Center at San Jose,FUT,SEA,SJS,0,0,
2023021189,2024-04-02,KeyBank Center,FUT,WSH,BUF,0,0,
2023021190,2024-04-02,Centre Bell,FUT,FLA,MTL,0,0,
2023021191,2024-04-02,Prudential Center,FUT,PIT,NJD,0,0,
2023021192,2024-04-02,UBS Arena,FUT,CHI,NYI,0,0,
2023021193,2024-04-02,Xcel Energy Center,FUT,OTT,MIN,0,0,
2023021194,2024-04-02,Bridgestone Arena,FUT,BOS,NSH,0,0,
2023021195,2024-04-02,Scotiabank Saddledome,FUT,ANA,CGY,0,0,
2023021196,2024-04-02,T-Mobile Arena,FUT,VAN,VGK,0,0,
2023021197,2024-04-03,Scotiabank Arena,FUT,TBL,TOR,0,0,
2023021198,2024-04-03,Madison Square Garden,FUT,NJD,NYR,0,0,
2023021199,2024-04-03,American Airlines Center,FUT,EDM,DAL,0,0,
2023021201,2024-04-03,Crypto.com Arena,FUT,SEA,LAK,0,0,
2023021200,2024-04-03,Mullett Arena,FUT,VAN,ARI,0,0,
2023021202,2024-04-04,PNC Arena,FUT,BOS,CAR,0,0,
2023021203,2024-04-04,Nationwide Arena,FUT,NYI,CBJ,0,0,
2023021204,2024-04-04,Centre Bell,FUT,TBL,MTL,0,0,
2023021205,2024-04-04,Canadian Tire Centre,FUT,FLA,OTT,0,0,
2023021206,2024-04-04,Capital One Arena,FUT,PIT,WSH,0,0,
2023021207,2024-04-04,Xcel Energy Center,FUT,COL,MIN,0,0,
2023021208,2024-04-04,Bridgestone Arena,FUT,STL,NSH,0,0,
2023021209,2024-04-04,Canada Life Centre,FUT,CGY,WPG,0,0,
2023021210,2024-04-04,SAP Center at San Jose,FUT,LAK,SJS,0,0,
2023021211,2024-04-05,KeyBank Center,FUT,PHI,BUF,0,0,
2023021212,2024-04-05,PNC Arena,FUT,WSH,CAR,0,0,
2023021213,2024-04-05,Little Caesars Arena,FUT,NYR,DET,0,0,
2023021214,2024-04-05,Rogers Place,FUT,COL,EDM,0,0,
2023021215,2024-04-05,Honda Center,FUT,SEA,ANA,0,0,
2023021216,2024-04-05,Mullett Arena,FUT,VGK,ARI,0,0,
2023021217,2024-04-06,PPG Paints Arena,FUT,TBL,PIT,0,0,
2023021218,2024-04-06,TD Garden,FUT,FLA,BOS,0,0,
2023021219,2024-04-06,Xcel Energy Center,FUT,WPG,MIN,0,0,
2023021220,2024-04-06,United Center,FUT,DAL,CHI,0,0,
2023021221,2024-04-06,SAP Center at San Jose,FUT,STL,SJS,0,0,
2023021222,2024-04-06,Nationwide Arena,FUT,PHI,CBJ,0,0,
2023021223,2024-04-06,Centre Bell,FUT,TOR,MTL,0,0,
2023021224,2024-04-06,Canadian Tire Centre,FUT,NJD,OTT,0,0,
2023021225,2024-04-06,UBS Arena,FUT,NSH,NYI,0,0,
2023021226,2024-04-06,Scotiabank Saddledome,FUT,EDM,CGY,0,0,
2023021227,2024-04-06,Crypto.com Arena,FUT,VAN,LAK,0,0,
2023021228,2024-04-07,Little Caesars Arena,FUT,BUF,DET,0,0,
2023021229,2024-04-07,United Center,FUT,MIN,CHI,0,0,
2023021230,2024-04-07,PNC Arena,FUT,CBJ,CAR,0,0,
2023021231,2024-04-07,SAP Center at San Jose,FUT,ARI,SJS,0,0,
2023021232,2024-04-07,Capital One Arena,FUT,OTT,WSH,0,0,
2023021233,2024-04-07,Prudential Center,FUT,NSH,NJD,0,0,
2023021234,2024-04-07,Madison Square Garden,FUT,MTL,NYR,0,0,
2023021235,2024-04-07,Honda Center,FUT,STL,ANA,0,0,
2023021236,2024-04-07,Ball Arena,FUT,DAL,COL,0,0,
2023021237,2024-04-08,Scotiabank Arena,FUT,PIT,TOR,0,0,
2023021238,2024-04-08,Rogers Arena,FUT,VGK,VAN,0,0,
2023021239,2024-04-09,TD Garden,FUT,CAR,BOS,0,0,
2023021240,2024-04-09,Little Caesars Arena,FUT,WSH,DET,0,0,
2023021241,2024-04-09,Amerant Bank Arena,FUT,OTT,FLA,0,0,
2023021242,2024-04-09,Centre Bell,FUT,PHI,MTL,0,0,
2023021243,2024-04-09,Prudential Center,FUT,TOR,NJD,0,0,
2023021244,2024-04-09,UBS Arena,FUT,NYR,NYI,0,0,
2023021245,2024-04-09,Amalie Arena,FUT,CBJ,TBL,0,0,
2023021246,2024-04-09,American Airlines Center,FUT,BUF,DAL,0,0,
2023021247,2024-04-09,Bridgestone Arena,FUT,WPG,NSH,0,0,
2023021248,2024-04-09,Ball Arena,FUT,MIN,COL,0,0,
2023021249,2024-04-09,Honda Center,FUT,LAK,ANA,0,0,
2023021250,2024-04-09,Climate Pledge Arena,FUT,ARI,SEA,0,0,
2023021251,2024-04-09,SAP Center at San Jose,FUT,CGY,SJS,0,0,
2023021252,2024-04-10,Enterprise Center,FUT,CHI,STL,0,0,
2023021253,2024-04-10,Rogers Place,FUT,VGK,EDM,0,0,
2023021254,2024-04-10,Rogers Arena,FUT,ARI,VAN,0,0,
2023021255,2024-04-11,KeyBank Center,FUT,WSH,BUF,0,0,
2023021257,2024-04-11,Madison Square Garden,FUT,PHI,NYR,0,0,
2023021258,2024-04-11,PPG Paints Arena,FUT,DET,PIT,0,0,
2023021259,2024-04-11,Amalie Arena,FUT,OTT,TBL,0,0,
2023021260,2024-04-11,Scotiabank Arena,FUT,NJD,TOR,0,0,
2023021256,2024-04-11,Amerant Bank Arena,FUT,CBJ,FLA,0,0,
2023021261,2024-04-11,UBS Arena,FUT,MTL,NYI,0,0,
2023021262,2024-04-11,American Airlines Center,FUT,WPG,DAL,0,0,
2023021263,2024-04-11,Climate Pledge Arena,FUT,SJS,SEA,0,0,
2023021264,2024-04-11,Crypto.com Arena,FUT,CGY,LAK,0,0,
2023021265,2024-04-12,Enterprise Center,FUT,CAR,STL,0,0,
2023021266,2024-04-12,United Center,FUT,NSH,CHI,0,0,
2023021267,2024-04-12,Rogers Place,FUT,ARI,EDM,0,0,
2023021268,2024-04-12,Honda Center,FUT,CGY,ANA,0,0,
2023021269,2024-04-12,T-Mobile Arena,FUT,MIN,VGK,0,0,
2023021270,2024-04-13,Madison Square Garden,FUT,NYI,NYR,0,0,
2023021271,2024-04-13,American Airlines Center,FUT,SEA,DAL,0,0,
2023021272,2024-04-13,Ball Arena,FUT,WPG,COL,0,0,
2023021273,2024-04-13,Amerant Bank Arena,FUT,BUF,FLA,0,0,
2023021274,2024-04-13,Wells Fargo Center,FUT,NJD,PHI,0,0,
2023021275,2024-04-13,Capital One Arena,FUT,TBL,WSH,0,0,
2023021276,2024-04-13,Canadian Tire Centre,FUT,MTL,OTT,0,0,
2023021277,2024-04-13,Scotiabank Arena,FUT,DET,TOR,0,0,
2023021278,2024-04-13,Bridgestone Arena,FUT,CBJ,NSH,0,0,
2023021279,2024-04-13,PPG Paints Arena,FUT,BOS,PIT,0,0,
2023021280,2024-04-13,Rogers Place,FUT,VAN,EDM,0,0,
2023021281,2024-04-13,Crypto.com Arena,FUT,ANA,LAK,0,0,
2023021282,2024-04-13,SAP Center at San Jose,FUT,MIN,SJS,0,0,
2023021283,2024-04-14,Enterprise Center,FUT,SEA,STL,0,0,
2023021284,2024-04-14,T-Mobile Arena,FUT,COL,VGK,0,0,
2023021285,2024-04-14,United Center,FUT,CAR,CHI,0,0,
2023021286,2024-04-14,Scotiabank Saddledome,FUT,ARI,CGY,0,0,
2023021287,2024-04-15,Little Caesars Arena,FUT,MTL,DET,0,0,
2023021288,2024-04-15,Prudential Center,FUT,NYI,NJD,0,0,
2023021289,2024-04-15,PPG Paints Arena,FUT,NSH,PIT,0,0,
2023021290,2024-04-15,Amalie Arena,FUT,BUF,TBL,0,0,
2023021291,2024-04-15,Capital One Arena,FUT,BOS,WSH,0,0,
2023021292,2024-04-15,Madison Square Garden,FUT,OTT,NYR,0,0,
2023021293,2024-04-15,Rogers Place,FUT,SJS,EDM,0,0,
2023021294,2024-04-15,Crypto.com Arena,FUT,MIN,LAK,0,0,
2023021295,2024-04-16,TD Garden,FUT,OTT,BOS,0,0,
2023021296,2024-04-16,Nationwide Arena,FUT,CAR,CBJ,0,0,
2023021298,2024-04-16,Centre Bell,FUT,DET,MTL,0,0,
2023021299,2024-04-16,Wells Fargo Center,FUT,WSH,PHI,0,0,
2023021297,2024-04-16,Amerant Bank Arena,FUT,TOR,FLA,0,0,
2023021300,2024-04-16,Canada Life Centre,FUT,SEA,WPG,0,0,
2023021301,2024-04-16,T-Mobile Arena,FUT,CHI,VGK,0,0,
2023021302,2024-04-16,Rogers Arena,FUT,CGY,VAN,0,0,
2023021303,2024-04-17,UBS Arena,FUT,PIT,NYI,0,0,
2023021304,2024-04-17,Amalie Arena,FUT,TOR,TBL,0,0,
2023021305,2024-04-17,American Airlines Center,FUT,STL,DAL,0,0,
2023021306,2024-04-17,Mullett Arena,FUT,EDM,ARI,0,0,
2023021307,2024-04-18,Xcel Energy Center,FUT,SEA,MIN,0,0,
2023021308,2024-04-18,Canada Life Centre,FUT,VAN,WPG,0,0,
2023021309,2024-04-18,Scotiabank Saddledome,FUT,SJS,CGY,0,0,
2023021310,2024-04-18,Ball Arena,FUT,EDM,COL,0,0,
2023021311,2024-04-18,T-Mobile Arena,FUT,ANA,VGK,0,0,
2023021312,2024-04-18,Crypto.com Arena,FUT,CHI,LAK,0,0,
